regime,fold,label,n_test,n_pos,prevalence,roc_auc,pr_auc,ap_lift,ecoregion
authors_random_holdout,0,spl10,4547,569,0.1251374532658896,0.8498576529435622,0.575852243783774,4.6017577372316705,
leave_one_ecoregion,0,na_10.1,2190,483,0.22054794520547946,0.6312352861982266,0.30643397578413306,1.3894211324373735,na_10.1
leave_one_ecoregion,1,na_11.1,1166,97,0.08319039451114923,0.5255899626782907,0.09263673838332329,1.1135508964428344,na_11.1
leave_one_ecoregion,2,na_12.1,84,10,0.11904761904761904,0.55,0.13694653606522667,1.150350902947904,na_12.1
leave_one_ecoregion,3,na_13.1,315,146,0.4634920634920635,0.9253465186025777,0.8936037615073954,1.9279807183207502,na_13.1
leave_one_ecoregion,4,na_6.2,1559,146,0.09364977549711354,0.5686264529951818,0.11396781919848392,1.2169577406194276,na_6.2
leave_one_ecoregion,5,na_7.1,674,72,0.10682492581602374,0.4646779254337394,0.09857592065632209,0.922780146143904,na_7.1
leave_one_ecoregion,6,na_8.1,2915,495,0.16981132075471697,0.45919275398614245,0.1742637935584085,1.026220117621739,na_8.1
leave_one_ecoregion,7,na_8.2,490,77,0.15714285714285714,0.5984088550674507,0.24608520564222092,1.5659967631777696,na_8.2
leave_one_ecoregion,8,na_9.2,1172,79,0.0674061433447099,0.6920217262904328,0.15273766152341195,2.265930877284035,na_9.2
leave_one_ecoregion,9,na_9.3,509,29,0.05697445972495088,0.5436063218390804,0.06536884370736772,1.1473359119672473,na_9.3
leave_one_ecoregion,10,na_9.4,3335,220,0.06596701649175413,0.7808966875820809,0.2508160000235653,3.802142545811774,na_9.4
leave_one_ecoregion,11,na_9.5,298,30,0.10067114093959731,0.7567164179104477,0.23391619785697707,2.3235675653793058,na_9.5
leave_one_ecoregion,12,na_9.6,322,39,0.12111801242236025,0.8495062063966656,0.3825202175829305,3.15824384773599,na_9.6
random_kfold_matched,0,fold_0,1147,132,0.11508282476024412,0.8608150470219437,0.6141322515272968,5.336437064407647,
random_kfold_matched,1,fold_1,1191,159,0.13350125944584382,0.8460460240846376,0.5843790112506007,4.377329574839405,
random_kfold_matched,2,fold_2,1134,135,0.11904761904761904,0.8730730730730729,0.6593397106815246,5.538453569724807,
random_kfold_matched,3,fold_3,1191,160,0.1343408900083963,0.8590506789524734,0.6115681800880723,4.552360640530589,
random_kfold_matched,4,fold_4,1169,131,0.11206159110350727,0.8769874538528292,0.5923977547819702,5.286358590382619,
random_kfold_matched,5,fold_5,1177,161,0.13678844519966016,0.8518242284931774,0.5974082330194869,4.367388138285317,
random_kfold_matched,6,fold_6,1207,142,0.11764705882352941,0.8602459829398929,0.6110514200528082,5.19393707044887,
random_kfold_matched,7,fold_7,1152,146,0.1267361111111111,0.8774680683025137,0.6244821790641935,4.927421029328431,
random_kfold_matched,8,fold_8,1125,153,0.136,0.8842491729201968,0.6503747675308631,4.7821674083151695,
random_kfold_matched,9,fold_9,1166,160,0.137221269296741,0.8478814612326044,0.5793300231858589,4.221867543966947,
random_kfold_matched,10,fold_10,1120,142,0.12678571428571428,0.8857037933120193,0.6293070356794129,4.9635484504291725,
random_kfold_matched,11,fold_11,1113,152,0.13656783468104222,0.8874664548989539,0.6878671134882013,5.036816429686632,
random_kfold_matched,12,fold_12,1137,150,0.13192612137203166,0.8558730158730159,0.5730886971242929,4.34401232420214,
