block_deg,block,n_test,r2
2.0,-38_20,624,-0.11694409731608602
2.0,-59_21,469,0.21960815817099744
2.0,-38_19,442,0.39559521336062364
2.0,-62_23,350,0.1015732167814496
2.0,-39_19,335,0.3940956202541759
2.0,-59_17,305,0.08591166383165494
2.0,-61_18,254,0.20962521884383778
2.0,-60_19,210,0.10217979439903868
2.0,-45_15,207,-0.123850232397277
2.0,-59_16,194,0.26037953309415884
2.0,-48_20,190,0.054034303491976576
2.0,-62_24,182,0.167104957534713
2.0,-60_17,169,0.06488876534976418
2.0,-60_23,166,0.15476878270647487
2.0,-39_20,163,0.2636061518388857
2.0,-56_21,159,0.14787106584920118
2.0,-60_18,158,0.33981637876623594
2.0,-40_19,157,0.021364377260201572
2.0,-58_21,154,0.2878245744412412
2.0,-61_23,150,0.3275555072345617
2.0,-48_21,149,0.406350532485229
2.0,-57_21,146,0.0942233464371014
2.0,-61_19,124,0.3518058196345989
2.0,-56_17,122,0.10112094137706695
2.0,-53_19,116,0.136513364601758
2.0,-49_17,115,0.07955294527592327
2.0,-39_21,113,0.19344530683736472
2.0,-38_21,110,0.2912924409246851
2.0,-50_14,105,-0.20225363815640307
2.0,-46_16,105,0.23669800302733834
2.0,-56_22,104,0.2507660311180885
2.0,-56_20,104,0.29465829840227653
2.0,-47_15,101,0.15473534109437237
2.0,-47_21,100,0.20688829729515923
2.0,-54_17,98,-0.10188309419751307
2.0,-47_20,97,0.2765280662491967
2.0,-62_19,92,0.19330969280113552
2.0,-42_15,92,0.39855044937791206
2.0,-47_16,83,-0.031456815440276564
2.0,-49_20,83,0.16612676637823087
2.0,-47_22,79,0.1434997855652841
2.0,-48_18,79,0.24715149446934503
2.0,-59_23,79,0.3243621447356664
2.0,-49_21,78,0.26719070025013225
2.0,-46_20,76,0.32923223275258184
2.0,-57_20,76,-0.16142321254214664
2.0,-41_13,76,-0.23270773921952892
2.0,-49_18,74,0.05248231233965017
2.0,-41_18,72,0.1356554853305567
2.0,-54_19,72,0.08045880334815991
2.0,-40_20,70,0.18780855644743943
2.0,-62_22,69,-0.026542690014888848
2.0,-62_20,67,0.346649062918734
2.0,-37_20,65,-0.058211336631296184
2.0,-37_21,63,-0.17056887982782198
2.0,-42_14,62,0.21226651008467956
2.0,-46_15,61,0.22768274167757652
2.0,-40_21,61,0.13712586455251197
2.0,-47_17,59,-0.175777508494946
2.0,-54_15,58,0.4952225705320894
2.0,-57_16,58,-1.979956236469647
2.0,-39_18,57,-0.20339712221407158
2.0,-58_17,55,0.24197445769971637
2.0,-46_18,51,-0.2160357444607901
2.0,-46_21,50,0.19601613911308813
2.0,-47_18,50,0.002317248615279488
4.0,-19_10,862,-0.005407707287348185
4.0,-30_8,696,0.03738698720070566
4.0,-20_9,593,0.3838123716764237
4.0,-31_11,586,0.1732492444781002
4.0,-24_10,536,0.254554084000011
4.0,-31_9,500,0.28732037336889504
4.0,-30_10,477,0.2205670311161343
4.0,-19_9,447,0.39219659975701404
4.0,-20_10,407,0.2605632231608346
4.0,-30_9,384,0.20152522553474217
4.0,-29_10,380,0.11696829853773605
4.0,-28_10,313,0.2067563051389807
4.0,-30_11,289,0.31160967366459447
4.0,-23_7,272,0.037047942303841785
4.0,-23_8,216,0.16495294465794286
4.0,-23_10,211,0.3414711249913088
4.0,-31_12,208,0.18789546075211339
4.0,-27_9,208,0.1304410886097247
4.0,-28_8,204,0.054308051113187594
4.0,-25_7,203,0.1090604015857547
4.0,-29_8,189,-0.22120095749394109
4.0,-21_7,188,0.27343529391696986
4.0,-25_8,186,0.31089640822306264
4.0,-25_10,185,0.22555987321688742
4.0,-24_9,184,0.16439749610252863
4.0,-24_8,171,0.08525426314940932
4.0,-25_9,168,0.0071460823907927296
4.0,-24_7,167,-0.0551945974040966
4.0,-28_11,166,0.18404552097652338
4.0,-21_9,159,0.1109293121011179
4.0,-27_8,146,0.0756819160855211
4.0,-24_11,134,0.06722848061389375
4.0,-23_9,122,0.09478669393039685
4.0,-21_8,120,0.09047298317193164
4.0,-31_10,114,0.18510023802696662
4.0,-26_10,112,-0.1604143464584462
4.0,-21_6,104,0.11311459874944951
4.0,-26_8,94,-0.6305149392495126
4.0,-20_8,90,0.063611025900849
4.0,-29_9,87,0.15858406314696383
4.0,-18_10,82,0.18825065547552255
4.0,-29_11,82,0.10444885254148484
4.0,-22_8,80,0.3065039229530301
4.0,-27_10,69,0.27191813395778186
4.0,-21_10,63,-0.2951180905472168
4.0,-26_9,60,-3.8932798251802065
4.0,-27_7,59,0.4277599455565526
4.0,-22_7,58,0.2983496033452976
4.0,-26_11,58,-0.08474959807052751
4.0,-22_9,57,0.1915695818401496
4.0,-22_10,57,-0.37811912713136775
4.0,-28_9,50,0.14843777660136703
4.0,-30_12,50,-0.005119184684118316
6.0,-13_6,1691,-0.08692309605235571
6.0,-20_7,944,0.25822883329766977
6.0,-20_5,781,-0.008608626727877766
6.0,-16_6,635,0.2181017344554682
6.0,-21_6,621,0.30200825518755103
6.0,-21_7,604,0.159657682383765
6.0,-19_7,569,0.17379155594593998
6.0,-16_5,515,0.10168357739496348
6.0,-14_6,465,-0.02233778131738995
6.0,-16_7,444,0.26155961354119917
6.0,-20_6,438,0.21488102086467487
6.0,-15_5,424,0.4361147432323539
6.0,-19_5,341,0.09390608783872556
6.0,-17_6,333,0.09441295705444952
6.0,-17_5,323,0.40247282570406717
6.0,-13_7,318,0.1666521252130908
6.0,-19_6,277,0.18334878997334503
6.0,-18_5,276,0.11304810491441464
6.0,-18_6,262,0.1707977791546802
6.0,-14_5,257,0.35815969442050277
6.0,-21_8,208,0.18789546075211339
6.0,-14_4,194,0.23067538594065928
6.0,-18_7,181,0.12101468320150799
6.0,-15_6,177,0.15083973935882034
6.0,-17_4,150,-0.1958831365892315
6.0,-17_7,150,0.3187087453206161
6.0,-15_7,95,0.18743360890978922
6.0,-14_7,89,-0.027468245983528927
6.0,-12_7,63,0.3556925376171429
6.0,-20_8,51,-0.024687925249046394
6.0,-13_5,51,-0.2661702580044212
8.0,-15_4,1356,0.06182921393195273
8.0,-10_5,1301,0.13434405677545302
8.0,-15_5,1228,0.2432718077553806
8.0,-10_4,1130,0.3985513815496091
8.0,-12_5,920,0.23381472062885944
8.0,-16_5,725,0.18359361088086068
8.0,-12_4,693,0.21653227411736886
8.0,-14_4,608,0.08540827987762523
8.0,-14_5,594,0.20980840224695996
8.0,-16_4,536,0.2732774119361143
8.0,-13_4,508,-0.12612998630595595
8.0,-12_3,439,0.032381890650503564
8.0,-11_4,416,0.1447903124967327
8.0,-13_5,375,0.19782576926232398
8.0,-11_3,350,0.2766899264649366
8.0,-13_3,267,0.08527591486005026
8.0,-16_6,208,0.18789546075211339
8.0,-11_5,131,-0.3766844620282881
8.0,-9_5,101,0.192583446486441
8.0,-14_3,91,0.4031998230221129
8.0,-15_6,51,-0.024687925249046394
