fold,n_test,r2,rmse
0,235,0.4712202168887297,1.8109849388435675
1,251,0.4769815224521444,1.9905843144378381
2,246,0.49854216688818886,1.9120216862872539
3,215,0.48601180605753913,1.8907111903758511
4,228,0.5071046871390632,1.975099604996374
5,222,0.40665403434320235,2.072037853135886
6,254,0.4835518661366962,1.9236260503658875
7,252,0.5601700712947066,1.8264355930043594
8,219,0.4652386217036214,1.9336031104826892
9,219,0.5376858220631381,1.7332114000095298
10,215,0.4988184379790962,2.0037122414483552
11,246,0.47001753972741056,1.8082075827067805
12,233,0.4569308779426834,2.0555389672180007
13,254,0.47338050461701975,1.9670175534493217
14,209,0.49669605889448243,1.9266970773399885
15,202,0.525602758116565,1.9725911476109246
16,223,0.45106542577703657,2.0439346804675664
17,217,0.5174964600006349,1.870275574761253
18,216,0.5643624841593071,1.703961908403664
19,229,0.38746254721641993,2.111733843710471
20,228,0.37483293514506955,2.033077671561977
21,247,0.48402965249707,1.9437006502404688
22,218,0.41228542356859255,2.102566479184813
23,220,0.4931452864781768,1.9443231355072923
24,236,0.5177298848380643,1.7828553607854778
25,237,0.3520653218192894,2.207605576090189
26,220,0.5635650145235959,1.8208415961349793
27,218,0.43531695963854755,2.0276002266192497
28,214,0.49044094744700273,1.9632849521251643
29,244,0.41246323105750504,2.13191432093009
30,205,0.46793829954124655,1.9481842493034038
31,227,0.5159768963168775,1.9399537903201773
32,228,0.5128448121032663,1.8585687426977404
33,218,0.49519047929498916,1.8841337860309122
34,250,0.5301217421653472,2.018376854733327
35,194,0.5373737791946307,1.7864365548419836
36,222,0.5025392782220033,1.8992218573408763
37,231,0.5304933858016303,1.8813925381435173
38,244,0.5134096407621423,1.9681652273593873
39,235,0.5146874194105442,2.0180581507434625
40,230,0.5231319076724267,1.8994570650810365
41,208,0.5814638945675753,1.8425980665665498
42,262,0.5222770103849259,1.8999821344928312
43,248,0.4501633958098106,2.101896245245581
44,227,0.44837146657672367,2.113716589711975
45,241,0.5003533438014156,1.7955522397162402
46,227,0.5335249453511963,1.8834689832232974
47,193,0.482367352829433,2.0153322545667343
48,248,0.5034612208265437,1.77506555756402
49,236,0.4993626550436594,1.8090146927022204
50,194,0.44069151615616153,2.0016502272625525
51,205,0.4179074580436023,1.9354092879421274
52,242,0.5491821338553317,1.757373531997669
