block,n_test,r2,rmse
-19_10,862,0.0780017510976807,2.252932382568131
-30_8,696,0.07653328814403926,1.8637261272853682
-20_9,593,0.42177108509900196,2.193555738429059
-31_11,586,0.17710619286437268,2.3314912652730007
-24_10,536,0.24896899286241259,2.6046828745617376
-31_9,500,0.26843980125271594,2.007756716542671
-30_10,477,0.22788016458029892,2.011751754470206
-19_9,447,0.42837052321310365,2.195047914449955
-20_10,407,0.26956320758664354,2.3220663027002773
-30_9,384,0.24949505720003418,2.1993548430201058
-29_10,380,0.1294800550379186,1.7038639348112676
-28_10,313,0.27732182270904704,1.845090493440348
-30_11,289,0.30670111414352386,2.372996959740292
-23_7,272,0.02904566957795629,1.6592903849197367
-23_8,216,0.11017936505274173,2.082885851909604
-23_10,211,0.34046298656161444,2.4423743041877675
-31_12,208,0.18711358260563793,2.6344473542047746
-27_9,208,0.14509767413753216,2.0095292973858974
-28_8,204,0.10367587342452544,2.0378610448816064
-25_7,203,0.10645450994193617,2.6026112796857177
-29_8,189,-0.24083844069503968,2.0952385178114667
-21_7,188,0.3000701132907915,2.3145454285100233
-25_8,186,0.3094163803512563,1.9499633533239857
-25_10,185,0.21662382660627577,2.488415649599484
-24_9,184,0.14433283911929795,2.655308156206429
-24_8,171,0.10014418439516937,2.1003966495363633
-25_9,168,0.05418827428407025,2.56696955662698
-24_7,167,-0.09291344173783811,2.0689254550387095
-28_11,166,0.23235407052983148,1.869322528887475
-21_9,159,0.15386757608868384,2.2361135889659907
-27_8,146,0.14710031403555013,2.1122566780204046
-24_11,134,0.09173057303127252,2.8647477888885713
-23_9,122,0.06409886249635055,2.1986955784172033
-21_8,120,0.03824689425708838,2.0385465795478392
-31_10,114,0.2294376948465051,1.8720070134704665
-26_10,112,-0.16186863587848288,1.8303607508365347
-21_6,104,0.1524108889189124,2.174975841074763
-26_8,94,-0.14863477330893748,1.1469865029666277
-20_8,90,0.050770164048089206,1.9753166961078663
-29_9,87,0.10427668402938672,1.3759877360949115
-18_10,82,0.15003794559460892,1.9058880092952177
-29_11,82,-0.02908822778491915,1.6845379947466117
-22_8,80,0.2704123360862484,1.8779542375806508
-27_10,69,0.2972144473708368,2.3583257195504017
-21_10,63,-0.062023689528542425,2.473690462681591
-26_9,60,-4.184447279986967,1.341721500510225
-27_7,59,0.49189565240143884,1.6087630507299524
-22_7,58,0.261234166752341,2.181094285087429
-26_11,58,0.10437207750634947,1.7361899307611672
-22_9,57,0.26157579452064283,2.588393739206832
-22_10,57,-0.41599716213244786,3.100764819234072
-28_9,50,0.18185756472246917,2.0840346987197447
-30_12,50,-0.009543213038822662,2.1979881498035185
