dataset,dist_lo_km,dist_hi_km,median_dist_km,n,ml_skill,baseline_skill,increment
nitrate,0.0,1.0,0.4,484,0.4832,0.4505,0.0327
nitrate,1.0,2.5,1.7,483,0.4641,0.3546,0.1095
nitrate,2.5,5.5,3.8,483,0.3915,0.3394,0.0521
nitrate,5.5,12.9,8.5,483,0.4149,0.292,0.1229
nitrate,12.9,140.7,21.1,484,0.4313,0.3027,0.1286
fluoride,0.0,1.0,0.4,1486,0.8404,0.9155,-0.0751
fluoride,1.0,2.1,1.6,1485,0.8535,0.9033,-0.0498
fluoride,2.1,4.0,3.0,1485,0.9252,0.6947,0.2305
fluoride,4.0,9.9,6.2,1485,0.7846,0.7933,-0.0087
fluoride,9.9,557.3,17.7,1486,0.6774,0.7421,-0.0647
assam_arsenic,0.2,0.2,0.2,96,0.914,0.9022,0.0118
assam_arsenic,0.2,0.2,0.2,96,0.9147,0.9187,-0.004
assam_arsenic,0.2,0.5,0.3,95,0.8795,0.8802,-0.0007
assam_arsenic,0.5,0.7,0.5,96,0.868,0.9205,-0.0525
assam_arsenic,0.7,2.3,0.9,96,0.8382,0.8902,-0.0519
mississippi_specific_conductance,0.0,0.5,0.2,175,0.8641,0.8328,0.0313
mississippi_specific_conductance,0.5,1.3,0.8,175,0.7128,0.6846,0.0283
mississippi_specific_conductance,1.3,2.3,1.7,175,0.7433,0.6547,0.0886
mississippi_specific_conductance,2.3,3.9,3.0,175,0.7616,0.7331,0.0285
mississippi_specific_conductance,3.9,20.4,5.6,175,0.5451,0.3917,0.1533
mississippi_chloride,0.0,0.2,0.0,231,0.8166,0.8191,-0.0025
mississippi_chloride,0.2,0.7,0.4,231,0.7869,0.7598,0.0271
mississippi_chloride,0.7,1.7,1.1,230,0.6977,0.696,0.0017
mississippi_chloride,1.7,3.3,2.3,231,0.7147,0.6191,0.0955
mississippi_chloride,3.3,21.1,4.8,231,0.5416,0.4411,0.1005
