grid_cell,n_wells,n_common_months,n_rows,r2_random_split,rmse_random_split,r2_persistence_fullsample,r2_lowo,rmse_lowo,r2_persistence,gap_random_minus_lowo
82_55,30,355,10560,0.3908954124931002,0.7795280414270331,0.15773382629665023,0.39916113480833265,0.760702335162836,0.14863516247059883,-0.008265722315232427
83_55,30,349,10380,0.5984553186755228,0.6284496282492209,0.4914794733961263,0.5965349393238542,0.6154427419792183,0.4864702370795494,0.0019203793516686662
83_56,30,353,10500,0.501250980070567,0.7077564669724425,0.37583760508949593,0.49978299155204564,0.695342059092922,0.3707499720573952,0.0014679885185213681
83_57,30,374,11130,0.7086032622852133,0.5400771338122893,0.6343130879548219,0.7072649732048611,0.5002035866834038,0.6352075804988647,0.0013382890803521619
83_58,30,366,10890,0.8807082552540644,0.3437658233128448,0.8446621693935633,0.8803203385423354,0.3277616756954419,0.8453191592423904,0.0003879167117289972
84_57,30,369,10980,0.8801215719154454,0.3455421937255986,0.8584356374998436,0.8784773141203075,0.31853417105619714,0.8589145224229642,0.0016442577951378823
84_58,30,357,10620,0.8881752057626668,0.332080934797754,0.8824557042737263,0.8944902914804151,0.2822689982153075,0.8776853298910586,-0.006315085717748303
84_59,30,353,10500,0.9337081529360909,0.25423646676143485,0.9242476007860866,0.931079518654302,0.21937849422333783,0.9251828803329518,0.002628634281788833
85_60,30,370,11010,0.7388079185844048,0.510643336594957,0.6804121061864248,0.7349965472060751,0.4928641671877494,0.679726032979397,0.0038113713783296532
86_55,30,367,10920,0.5501247176298124,0.6705255209662008,0.4540854482471126,0.5512162015965291,0.6601819122390518,0.44777060221167186,-0.0010914839667166554
86_56,30,376,11190,0.6608071372790423,0.5889950084215622,0.5653039001176305,0.6571198029970049,0.5679183110061994,0.5657190784868737,0.00368733428203738
86_61,30,356,10590,0.6730782416472536,0.5668136363415115,0.5966546615526747,0.6727221426258688,0.5579772795905837,0.5933063703159184,0.00035609902138478144
86_67,30,370,11010,0.9307525689017613,0.2621457587945008,0.9243394511291917,0.9306916764517158,0.24453022173480346,0.923977678975494,6.089245004547994e-05
86_68,30,368,10950,0.8918040894965609,0.32726826303762546,0.8540341582170098,0.8949087663909032,0.31587802584814867,0.8491445569898474,-0.003104676894342351
87_62,30,384,11430,0.7128704750520772,0.5346128211609302,0.6577256465392276,0.7089146429443247,0.5085656888420903,0.6585723198928847,0.003955832107752522
87_67,30,364,10830,0.9158167586803204,0.2878213111878466,0.8961408192773859,0.9173120680141404,0.25631655300129813,0.8939539126913469,-0.0014953093338200274
88_61,30,384,11430,0.7042367965309501,0.5383777168622287,0.6331892414925191,0.6994470181592317,0.5198361938388802,0.6413956364603879,0.004789778371718345
88_62,30,384,11430,0.7912945073772102,0.45697402593956465,0.7646807863179104,0.7903148896336687,0.4256736180382435,0.7644239819108172,0.0009796177435414943
88_64,30,384,11430,0.895228970001272,0.3234721031179787,0.8696112555176405,0.8946421893770772,0.3060706111073136,0.8703415713642565,0.0005867806241948159
88_65,30,384,11430,0.8949930853977861,0.3239751726619529,0.8700773894648257,0.8940697207757541,0.30595452294926856,0.8709960303358721,0.0009233646220320191
89_61,30,384,11430,0.7810080721632684,0.4679139404165097,0.7462824001929464,0.7746625353957893,0.44913544498904584,0.7521645122028605,0.006345536767479065
89_63,30,383,11400,0.8753954388689668,0.3532627806892215,0.8533522163014041,0.8702236955908428,0.3016288996009247,0.8592838593336136,0.005171743278123975
89_64,30,384,11430,0.9228812959054217,0.2774612727453234,0.8992123039825262,0.9221917014234245,0.25681451227842456,0.9004641163729635,0.0006895944819971245
89_65,30,383,11400,0.8637500731905483,0.36883259934688806,0.8268722003590093,0.8609763568230318,0.34528837105776966,0.8272585551389474,0.0027737163675165544
89_66,30,384,11430,0.8779110779412285,0.34682249298019074,0.8443078667900803,0.8763590342250396,0.3246125801499372,0.8431232809605314,0.001552043716188889
90_64,30,383,11400,0.882468379650606,0.3407560393732306,0.8602452029628935,0.885973071457152,0.31017845479295036,0.8556393731860004,-0.003504691806546001
90_65,30,384,11430,0.8901041090599451,0.33288881661630726,0.8469922465332886,0.8911013855558062,0.3156684504641398,0.8451243330132165,-0.0009972764958611213
90_66,30,382,11370,0.9032823364370053,0.31219185866688504,0.8717141101889969,0.9031664797212984,0.293773571107554,0.8709939855729409,0.00011585671570690792
91_62,30,384,11430,0.7825734379379174,0.4610106729914728,0.7418734776461012,0.7778675456945927,0.43716163983103445,0.7410673585655628,0.0047058922433247385
91_64,30,384,11430,0.8509369511750127,0.3850878585829453,0.8193491922384005,0.8511774262162036,0.3653136972979597,0.8169625420941001,-0.0002404750411909573
91_65,30,383,11400,0.9132758890032073,0.2926740739472463,0.9011918767983998,0.9130280551917775,0.26584951369601034,0.9017628490534321,0.00024783381142978733
91_66,30,384,11430,0.8132519988273603,0.42719931195090466,0.7806787629283823,0.8092438566448652,0.40326144565970146,0.7827251631520405,0.0040081421824951224
92_64,30,383,11400,0.7465842887539514,0.5015456663759149,0.7146375631043278,0.754985309948603,0.435705596961894,0.7090312797236161,-0.008401021194651581
92_65,30,384,11430,0.8380245114365856,0.3999557456614819,0.8128844490638122,0.8381492671076832,0.3874766450500184,0.8117084891041317,-0.00012475567109759833
82_65,29,369,10614,0.7915653922082921,0.4564994588854262,0.7103531095768383,0.7888479109592899,0.4495648286762917,0.7139972429167656,0.002717481249002285
86_54,29,378,10875,0.6624746858759593,0.5762516194772614,0.6002386346684627,0.6633950409689958,0.5471836785769507,0.5967046029952263,-0.0009203550930365623
87_61,28,384,10668,0.6876701483512582,0.5513392165152857,0.6363242628460271,0.6910325483305056,0.5267485374147441,0.6285669360690161,-0.003362399979247477
90_62,26,384,9906,0.7988712478422443,0.4484941232223785,0.758962145596497,0.7961395146556409,0.43513504236216355,0.7625447724667822,0.002731733186603358
85_55,25,380,9425,0.55800199961505,0.6590857194408705,0.4402676384052677,0.5665383355379956,0.6468744916660464,0.4283131967327347,-0.00853633592294556
83_64,24,383,9120,0.7862401395809921,0.463017340158547,0.6853940364179054,0.7904512478698407,0.454269008531332,0.6818048072656337,-0.00421110828884852
84_60,24,359,8544,0.749370649862167,0.49888688955513966,0.6986566741771383,0.7449604550062272,0.4818452131663321,0.7016220097142789,0.004410194855939742
86_62,24,378,9000,0.7641546583915495,0.4848336903963658,0.6866843169646064,0.7501854859840591,0.4850774538633057,0.695045978822969,0.013969172407490404
87_65,24,376,8952,0.8098580306760521,0.43830732568268943,0.7511654398396443,0.8085619239204541,0.4148016049423947,0.7493245441320473,0.0012961067555979922
88_63,24,384,9144,0.814939324459208,0.4276902860808412,0.7839220671460276,0.8125762474401163,0.417894313937658,0.7804700020976736,0.002363077019091775
90_67,24,384,9144,0.8794748887283081,0.33853274419890067,0.8600226066580372,0.8780299983862233,0.31177921537956477,0.8596916709348508,0.001444890342084837
92_62,24,384,9144,0.751011733146209,0.4973703994499713,0.7116627388356925,0.7535483833995333,0.4691361040932268,0.7046839443291943,-0.0025366502533243906
83_65,23,373,8510,0.8207487607853178,0.42182859084843677,0.7540813668399832,0.8213800860388721,0.40966755845482355,0.7525195087899934,-0.0006313252535543601
92_66,22,384,8382,0.7718610283867846,0.4719574606333124,0.745639020397852,0.772701109687984,0.44876657774080614,0.7445228823624428,-0.0008400813011993913
84_65,21,380,7917,0.8634443126747294,0.37026288934965274,0.7867746784919084,0.8659048396376372,0.35780602224699776,0.7839331105014098,-0.002460526962907772
88_66,20,384,7620,0.8417189155558134,0.39314489320705226,0.7864840755421911,0.8479921264074969,0.38015332530756657,0.777320617499033,-0.0062732108516835305
82_60,19,384,7239,0.6222384372986378,0.6026803198951156,0.46264698944842164,0.6263567392643099,0.604690342729064,0.47207243685922745,-0.004118301965672089
83_66,19,374,7049,0.8080911959390187,0.4384610039524719,0.770486756762091,0.8048119333012477,0.40479183938534147,0.7752148968086495,0.0032792626377710077
89_67,19,382,7201,0.9315490171319025,0.26307027273073225,0.9139368378028336,0.9301524894472113,0.24412202133271882,0.9158153233794449,0.001396527684691229
82_66,18,381,6804,0.809578148710219,0.43593235819612985,0.7580025813670246,0.8030233999360412,0.4201895632216599,0.7639458342200804,0.006554748774177832
82_63,16,380,6032,0.7897424100046075,0.4595334904244254,0.7105073233375748,0.7794627166045868,0.45649757627419696,0.7149691167535229,0.010279693400020773
87_60,16,384,6096,0.7131017956023025,0.5297922863740243,0.6450034196097693,0.6975339271147971,0.5215301913338461,0.6492479323820806,0.015567868487505354
87_64,16,379,6016,0.8178412865083693,0.4256365725125296,0.7979422473010569,0.815854249313767,0.4000068149944316,0.7931782484476252,0.001987037194602248
81_59,15,377,5610,0.7564434031017264,0.48547656044931076,0.6930744093328283,0.7466846606974774,0.4759371707750879,0.6996756329749813,0.00975874240424901
83_67,15,370,5505,0.7639856821663772,0.4833440440884691,0.6832566212748081,0.7678502574570323,0.46957788432086467,0.6777298262523069,-0.0038645752906550923
85_61,15,370,5505,0.7659773157949973,0.4782764914382332,0.735110549485728,0.7652746482964509,0.4612859534682783,0.7318246887366784,0.0007026674985464165
91_63,15,384,5715,0.8558624918910895,0.37740387566418115,0.8403027484925445,0.864460900602491,0.3362649866526421,0.8309097523188903,-0.008598408711401495
93_62,15,384,5715,0.7657437040663407,0.48145398435316283,0.726636127445377,0.7609668769276344,0.45887665109283765,0.725594222589468,0.004776827138706308
83_63,14,380,5278,0.8239983951951142,0.4174892451563136,0.6940599536584555,0.8217032685107327,0.4184634186151539,0.6955755291486386,0.0022951266843814766
85_65,14,377,5236,0.9271715568488611,0.2681480227565883,0.8734960203464266,0.9276297238725225,0.2653886274503749,0.8722530621101677,-0.0004581670236614155
87_55,14,383,5320,0.7270666866767208,0.5224429597801412,0.6793287676347565,0.7206705527468459,0.49075900554159346,0.6810593479345036,0.006396133929874925
87_56,14,383,5320,0.6943657831221944,0.5530560501052366,0.6548628876227992,0.7010623390281209,0.5116242581736825,0.6480585462565255,-0.006696555905926438
82_54,13,372,4797,0.6187193706168672,0.6192668595855687,0.5457946440896198,0.5964321872413233,0.6107767445985314,0.5628628358380492,0.022287183375543917
85_59,13,373,4810,0.8830885918957533,0.33838006978365665,0.8651964287335432,0.8816644426440368,0.2880809961222663,0.8608428882464695,0.0014241492517165222
87_63,13,384,4953,0.7543603948361175,0.49749984154326066,0.7149937472781832,0.7574247517917538,0.47629744851890454,0.711126719485042,-0.003064356955636338
87_66,13,384,4953,0.8027953095681253,0.44289935836006017,0.7783767225579971,0.8014871408026539,0.415983634853198,0.7741934911960374,0.0013081687654713514
89_62,13,384,4953,0.9052696814305292,0.30383907861425224,0.8989744111950992,0.9043309591165244,0.28014304856171013,0.8968084206757542,0.0009387223140048251
92_63,13,384,4953,0.8119235388268479,0.4341615611556359,0.7890460075336728,0.8052148162464424,0.397831697262502,0.7955056332519412,0.006708722580405446
90_61,12,384,4572,0.6855037051588484,0.5587371795473184,0.6408752805947959,0.696776028641553,0.5340472149843265,0.6309821060723342,-0.011272323482704572
83_54,10,371,3680,0.4174914524904028,0.7717666722412522,0.2973858468459355,0.41902914409444286,0.7566170617039885,0.29738012208879677,-0.001537691604040048
85_68,10,371,3680,0.886276990495339,0.3337257264965576,0.8358993740878891,0.8813795008933908,0.32952782801380875,0.8387894049675833,0.004897489601948246
88_55,10,381,3780,0.7353808100156046,0.5195872979351875,0.7199259009934645,0.7368376697265391,0.47093523012375654,0.7056039689127602,-0.001456859710934455
88_67,10,383,3800,0.8709297528413792,0.3578404582647403,0.8325793979339909,0.8690583444301742,0.3419483620988792,0.8342082512310679,0.0018714084112050333
82_64,9,382,3411,0.7321071635385282,0.5181052065936191,0.6436280742256237,0.7325655762769205,0.5095100446173022,0.6394934883760025,-0.0004584127383923109
83_60,9,377,3366,0.6213811467747848,0.6085668997374889,0.5913590338301481,0.6268370639153787,0.6010211143223927,0.566028661521716,-0.005455917140593902
84_54,9,381,3402,0.7697455419762883,0.4806857938916191,0.7148806092916329,0.7572589659035023,0.47142882994889734,0.7412977660675948,0.012486576072786026
84_55,9,380,3393,0.4646584356167297,0.7253371502712967,0.349014350312842,0.46829375774567694,0.7249712073367035,0.3471029779413767,-0.003635322128947238
87_57,9,379,3384,0.8751513404251139,0.35017461185052434,0.8593089152463566,0.8679260077426328,0.3072618045071489,0.8529134664127763,0.007225332682481045
88_54,9,378,3375,0.6450726574546822,0.5938976107828975,0.5845705362531564,0.632106667283338,0.5802452328407378,0.5853146294659008,0.012965990171344255
81_60,8,382,3032,0.680498091749533,0.5566142079815233,0.5925246771295465,0.6776467107306108,0.5581754855973637,0.5925365328866248,0.002851381018922239
84_61,8,375,2976,0.7835879765222062,0.47215146614229353,0.7349533375323496,0.7706287644204446,0.467506625505554,0.7422479477579127,0.012959212101761652
84_63,8,384,3048,0.7787573296180247,0.4746507627826554,0.664764664815768,0.7726977382351372,0.47414949463476425,0.6663653042147852,0.006059591382887475
85_69,8,375,2976,0.819638234451109,0.4213018820506778,0.7686874479822918,0.8184351542046301,0.4160134788592955,0.7672805914846195,0.0012030802464788604
89_60,8,384,3048,0.5778433945643413,0.6573595354452375,0.47861305311371527,0.5399304372260743,0.6707200094311672,0.48923493142063174,0.03791295733826705
90_56,8,376,2984,0.8740705336629295,0.3529169577655694,0.8594738781761689,0.8686954207178517,0.28553834767721953,0.8581410657452331,0.0053751129450778645
83_59,7,376,2611,0.890052168091777,0.32947005717982625,0.8817334588848669,0.8954609961664657,0.3081022268330622,0.8762705573588647,-0.005408828074688676
84_62,7,378,2625,0.7302954960012491,0.5202215396575454,0.6765821781208531,0.7260233693062631,0.5002070348427122,0.6626095814333093,0.004272126694986
85_62,7,381,2646,0.8714277624966751,0.35728757079559087,0.8639688263378881,0.8693997677747887,0.3391210296653249,0.856483270164276,0.002027994721886417
85_67,7,381,2646,0.8339284688566677,0.3984544982823377,0.8277899955079959,0.8409628386630569,0.3652221967609461,0.8152385542310089,-0.007034369806389162
86_69,7,372,2583,0.8703670134891327,0.3510987731021385,0.8317720905511866,0.8721419737603654,0.3284097642473106,0.8246761687453732,-0.001774960271232695
87_59,7,383,2660,0.781868897987688,0.46083973356453195,0.7634632000074848,0.7839913231234669,0.4545804672299938,0.7541554964306162,-0.0021224251357788715
89_55,7,383,2660,0.6894986714421015,0.5671598533385117,0.6597066130024865,0.6820901253403512,0.4967543960049252,0.6631311388590743,0.007408546101750346
90_55,7,384,2667,0.7506318210556187,0.4882339885622943,0.7017837083082903,0.7268581787480636,0.4973771986005736,0.7118114378724563,0.023773642307555076
84_67,6,383,2280,0.8971885453890268,0.32160892784042977,0.8752415715493829,0.8986738512627925,0.30641437632772955,0.8710949504112874,-0.0014853058737657188
85_57,6,378,2250,0.6031212086797635,0.6277023593158908,0.5139914388618341,0.5740273663140346,0.6298772851558966,0.528469462530382,0.029093842365728873
86_64,6,374,2226,0.8586144802226979,0.3738098053780939,0.8171582367940677,0.8540872578021116,0.36514440830031697,0.8140245907900716,0.004527222420586341
89_59,6,380,2262,0.905261258793179,0.30599680530552775,0.8886117881207727,0.8985632683680852,0.3011350265234733,0.8877670077836134,0.0066979904250937805
90_63,6,384,2286,0.9046170093699655,0.30773368254754785,0.8772182750464452,0.8986591227634795,0.30255480312261623,0.8792823906610998,0.005957886606485996
90_69,6,384,2286,0.8518840309822577,0.3848327580205201,0.7767939158021173,0.8520587060499791,0.3838980623185533,0.7705102979592179,-0.00017467506772139707
81_62,5,383,1900,0.9587868690940653,0.20784290987529658,0.9394596598671598,0.9565348330035301,0.2047304959977253,0.9420255448640766,0.0022520360905351477
81_63,5,382,1895,0.7663248719197704,0.48596085151716045,0.6899766795595053,0.759820799574945,0.47702052340781814,0.7000636769750432,0.006504072344825418
85_70,5,377,1870,0.8962092033185609,0.3194853182557995,0.8453225914229734,0.8892009504230528,0.3029204526369821,0.8498327414306137,0.007008252895508105
86_60,5,384,1905,0.7192095317120735,0.5296523560953419,0.6760302956811929,0.6800265591543119,0.5390208450197387,0.6793336686783688,0.0391829725577616
86_65,5,384,1905,0.8704998075406957,0.3640262705004414,0.8371307822929395,0.857694632654924,0.35984965576843186,0.8514818201609037,0.012805174885771708
87_68,5,377,1870,0.9454119156571352,0.23502392295815136,0.9347977027312624,0.9380219408134509,0.22888093054859637,0.935495296580928,0.0073899748436843105
88_56,5,380,1885,0.7519277497992274,0.498930930438463,0.6845639994983469,0.7160919150551355,0.5147976511452224,0.6957306477643794,0.03583583474409191
88_57,5,382,1895,0.6507809024269144,0.5983639005290209,0.546814523232161,0.6263472604271016,0.6088189015608677,0.5425510811672918,0.024433641999812794
84_64,4,381,1512,0.8022096169230195,0.43506884931916884,0.7248908280551236,0.7914289311999475,0.4526207156168151,0.70759428669572,0.010780685723072003
84_66,4,384,1524,0.8963360112401618,0.3273022416871718,0.8583062119035914,0.8886186718689266,0.33273801524387614,0.8610222464150988,0.007717339371235199
85_54,4,383,1520,0.45363665775980344,0.7444276132706658,0.3627931142564321,0.4124887860567731,0.7533204990316197,0.358440968059334,0.04114787170303036
86_57,4,382,1516,0.6912376895427307,0.5402961712124401,0.6356085322486777,0.676511480478272,0.556424692632522,0.6083590883970127,0.01472620906445865
88_58,4,383,1520,0.8941601634639176,0.33126351909695717,0.900006034356091,0.8316596451412277,0.351847337960272,0.9007514340362462,0.06250051832268988
88_60,4,384,1524,0.5374318834849076,0.6831163967338294,0.4849946507090078,0.4694660976515833,0.7184624676529898,0.4764579853316895,0.06796578583332424
89_56,4,383,1520,0.590426125072878,0.6373313031014434,0.5207085271100322,0.5225802285140405,0.6762033688773239,0.5319400734376053,0.06784589655883744
89_57,4,379,1504,0.5601473135379964,0.6658980436250765,0.49848754770794645,0.5270916333612784,0.6713970082352549,0.5132749395620377,0.033055680176718005
89_58,4,383,1520,0.9600593274855763,0.19338993486069692,0.9650286360934963,0.9623911140225788,0.15488480244189967,0.9594616541646557,-0.0023317865370025004
89_69,4,384,1524,0.9017617771519661,0.31315226137999547,0.850044457418221,0.8942788805887103,0.3198664151211844,0.8504212679739108,0.0074828965632558475
90_57,4,384,1524,0.785694298914388,0.4686044808102439,0.7851765149453447,0.7740456362099241,0.45594345776984585,0.7738007353451111,0.011648662704463963
90_68,4,382,1516,0.9212094674039818,0.27482433083686353,0.9073393802729637,0.9189518725847465,0.26687120715247026,0.902682626292928,0.0022575948192352646
82_59,3,383,1140,0.8731361226689025,0.3514999736628179,0.8717000210693616,0.8710921293878815,0.3445071762111851,0.8557260633902875,0.002043993281021006
84_68,3,381,1134,0.7289478934316473,0.5303606275303571,0.6698628125801169,0.6927244282475027,0.5443973164456936,0.6982542222300212,0.036223465184144654
87_54,3,382,1137,0.6240465470445906,0.6132799856520896,0.5352315028077798,0.5844166341376915,0.6361761030334937,0.5467535218680818,0.0396299129068991
87_58,3,381,1134,0.9266437150672756,0.26735691926193295,0.9184108114810009,0.916016624124853,0.2749501584644144,0.9151450786127947,0.010627090942422646
87_69,3,376,1119,0.8599856054400261,0.37305533093145693,0.7615967173943505,0.844802130741485,0.39154412463431515,0.7634266656739328,0.015183474698541088
88_68,3,384,1143,0.9469778354766326,0.22911162430509968,0.9304273224736654,0.9286444274218119,0.251843228893205,0.934168914843337,0.018333408054820755
89_68,3,382,1137,0.8877242108045522,0.335286764472656,0.8865339609684558,0.883915127155149,0.3107204980522012,0.882610714622022,0.0038090836494032443
91_68,3,384,1143,0.9840553101384302,0.1235449214152931,0.9864219967182801,0.9836051897101292,0.10795444388232071,0.9851496978476548,0.00045012042830094856
