dataset,frequency,horizon_steps,horizon_label,n_wells,median_persistence_r2,median_ridge_r2,median_ml_r2,diff_median_ml_minus_persistence,diff_median_ml_minus_ridge,median_pairwise_ml_minus_persistence,median_pairwise_ml_minus_ridge,persistence_recovery_pct,ridge_recovery_pct,persistence_ge_ml_pct,ridge_ge_ml_pct,median_n_test
camels_gb_external_existing,daily,7,h7_days,19,0.8582,0.8681,0.642,-0.21619999999999995,-0.22609999999999997,-0.03179999999999994,-0.036799999999999944,133.67601246105917,135.21806853582555,84.21052631578947,84.21052631578947,448.0
camels_gb_external_existing,daily,28,h28_days,19,0.4351,0.4914,0.2306,-0.2045,-0.26080000000000003,-0.01090000000000002,-0.06709999999999999,188.6816999132697,213.09627059843885,73.68421052631578,94.73684210526315,444.0
camels_gb_external_existing,daily,84,h84_days,19,0.0,0.0,0.0,0.0,0.0,0.0,0.0,,,68.42105263157895,84.21052631578947,433.0
camels_gb_external_existing,monthly,1,h1_months,48,0.73795,0.77625,0.6940999999999999,-0.043850000000000056,-0.08215000000000006,0.03944999999999993,-0.029500000000000026,106.31753349661433,111.83547039331509,39.58333333333333,85.41666666666666,99.5
camels_gb_external_existing,monthly,4,h4_months,47,0.0,0.3776,0.159,0.159,-0.2186,0.0806,-0.0578,0.0,237.48427672955972,42.5531914893617,87.2340425531915,99.0
camels_gb_external_existing,monthly,12,h12_months,43,0.0,0.0,0.0,0.0,0.0,0.0,0.0,,,79.06976744186046,90.69767441860465,98.0
french_piezoforecast,daily,7,h7_days,200,0.9030345215180561,0.9135938500677818,0.8695228125061043,-0.033511709011951774,-0.04407103756167752,0.0014922342240221154,-0.016539949640571983,103.85403448074761,105.06841648405494,48.5,82.5,478.0
french_piezoforecast,daily,28,h28_days,200,0.4199874688449855,0.5899096045135517,0.5190597740572307,0.09907230521224519,-0.07084983045632098,0.09644342932543098,-0.03172469366048286,80.91312211735337,113.64964768942183,32.5,70.0,473.0
french_piezoforecast,daily,84,h84_days,200,0.0,0.14681560041339203,0.0,0.0,-0.14681560041339203,0.0,0.0,,,53.0,81.5,462.0
swiss_groundwater_database,daily,7,h7_days,149,0.8272474212344912,0.8723520887190768,0.8525087834082383,0.02526136217374708,-0.019843305310838444,0.01460717624903407,-0.015020234519515285,97.03682089083529,102.32763646510561,27.516778523489933,87.91946308724832,950.0
swiss_groundwater_database,daily,28,h28_days,149,0.21051050391515858,0.36912779762658987,0.30073016183398615,0.09021965791882758,-0.06839763579260372,0.020672362398076904,-0.057534293244696166,69.99979737029767,122.7438562781613,38.92617449664429,85.90604026845638,945.0
swiss_groundwater_database,daily,84,h84_days,149,0.0,0.022067770198549552,0.0,0.0,-0.022067770198549552,0.0,0.0,,,70.46979865771812,80.53691275167785,934.0
tuscany_groundwater_drought,monthly,1,h1_months,109,0.6006407866320261,0.8456293382335011,0.7506777093087722,0.15003692267674607,-0.09495162892472886,0.14416867999643768,-0.06183846548989946,80.01313735359203,112.64878758850597,23.853211009174313,83.4862385321101,27.0
tuscany_groundwater_drought,monthly,4,h4_months,108,0.0,0.3485007166301515,0.3676492551391174,0.3676492551391174,0.019148538508965918,0.3194219525289132,0.0,0.0,94.79162864025928,33.33333333333333,62.03703703703704,26.0
tuscany_groundwater_drought,monthly,12,h12_months,104,0.0,0.042686206157539264,0.047880574171253854,0.047880574171253854,0.00519436801371459,0.0,0.0,0.0,89.15140826186428,53.84615384615385,74.03846153846155,25.0
