dataset,horizon_steps,model,n_seeds,r2_min,r2_max,r2_sd,delta_min,delta_max
french_piezoforecast,7,random_forest,5,0.8752704408813174,0.8764082952498045,0.00041874596539511307,0.0052558894543016,0.0053463180757611
french_piezoforecast,7,xgboost,5,0.8735073338345931,0.8745259566945704,0.00039433616815842036,0.0035847402693575,0.0040615144588164
french_piezoforecast,28,random_forest,5,0.5188429325972072,0.5237725097916744,0.0019856862728634163,0.1053436623823806,0.1091857067081988
french_piezoforecast,28,xgboost,5,0.5198295202859082,0.5223460024294939,0.0011359005727148857,0.105609739469678,0.1104491110437929
french_piezoforecast,84,random_forest,5,0.0,0.0,0.0,0.0,0.0
french_piezoforecast,84,xgboost,5,0.0,0.0,0.0,0.0,0.0
swiss_groundwater_database,7,random_forest,5,0.829196456885447,0.8303295942074003,0.000435370115320776,0.0114154385162418,0.0118699218305721
swiss_groundwater_database,7,xgboost,5,0.8329903667742549,0.8344024763381117,0.0005667321190385102,0.0153841802061319,0.0167870476986349
swiss_groundwater_database,28,random_forest,5,0.31886181491006155,0.32283048616272736,0.0015782501732545186,0.03030178717339825,0.031724087281565796
swiss_groundwater_database,28,xgboost,5,0.3181904533130009,0.32499320004548465,0.0027050130282970037,0.038693664912062345,0.04092722348081555
swiss_groundwater_database,84,random_forest,5,0.0,0.0,0.0,0.0,0.0
swiss_groundwater_database,84,xgboost,5,0.0,0.0,0.0,0.0,0.0
