analysis_block,dataset,frequency,horizon_steps,horizon_label,n_lags,feature_set,model,n_rows,n_wells,n_seeds,median_r2,median_persistence_r2,median_model_minus_persistence,model_ge_persistence_pct,recovery_vs_model_pct,median_n_test
horizon_sensitivity,french_piezoforecast,daily,7,h7_days,4,gwl_plus_drivers,persistence,1329,1329,1,0.9023189341172907,0.9023189341172907,0.0,100.0,100.0,478.0
horizon_sensitivity,french_piezoforecast,daily,7,h7_days,4,gwl_plus_drivers,ridge,1329,1329,1,0.9175409256918424,0.9023189341172907,0.016718689801996423,88.86380737396539,98.34100134955027,478.0
horizon_sensitivity,french_piezoforecast,daily,7,h7_days,4,gwl_plus_drivers,xgboost,1329,1329,1,0.8735073338345931,0.9023189341172907,0.0035847402693575114,57.33634311512416,103.29838104005586,478.0
horizon_sensitivity,french_piezoforecast,daily,14,h14_days,4,gwl_plus_drivers,persistence,1329,1329,1,0.7650952805128496,0.7650952805128496,0.0,100.0,100.0,476.0
horizon_sensitivity,french_piezoforecast,daily,14,h14_days,4,gwl_plus_drivers,ridge,1329,1329,1,0.8089772591255926,0.7650952805128496,0.05195327858689436,90.06772009029346,94.57562272391017,476.0
horizon_sensitivity,french_piezoforecast,daily,14,h14_days,4,gwl_plus_drivers,xgboost,1329,1329,1,0.7405576238613661,0.7650952805128496,0.02373046559204961,65.23702031602708,103.31340274691128,476.0
horizon_sensitivity,french_piezoforecast,daily,28,h28_days,4,gwl_plus_drivers,persistence,1329,1329,1,0.43476719225600424,0.43476719225600424,0.0,100.0,100.0,473.0
horizon_sensitivity,french_piezoforecast,daily,28,h28_days,4,gwl_plus_drivers,ridge,1329,1329,1,0.5884023654629034,0.43476719225600424,0.1502582570827099,92.47554552294959,73.88943651067201,473.0
horizon_sensitivity,french_piezoforecast,daily,28,h28_days,4,gwl_plus_drivers,xgboost,1329,1329,1,0.5198295202859082,0.43476719225600424,0.10722459416344077,75.24454477050413,83.63649529116404,473.0
horizon_sensitivity,french_piezoforecast,daily,56,h56_days,4,gwl_plus_drivers,persistence,1329,1329,1,0.0,0.0,0.0,100.0,,468.0
horizon_sensitivity,french_piezoforecast,daily,56,h56_days,4,gwl_plus_drivers,ridge,1329,1329,1,0.3097575394894172,0.0,0.2548408548039417,96.53875094055681,0.0,468.0
horizon_sensitivity,french_piezoforecast,daily,56,h56_days,4,gwl_plus_drivers,xgboost,1329,1329,1,0.233242420203023,0.0,0.19140131037993013,90.66967644845748,0.0,468.0
horizon_sensitivity,french_piezoforecast,daily,84,h84_days,4,gwl_plus_drivers,persistence,1329,1329,1,0.0,0.0,0.0,100.0,,462.0
horizon_sensitivity,french_piezoforecast,daily,84,h84_days,4,gwl_plus_drivers,ridge,1329,1329,1,0.1260497363355122,0.0,0.1170525121470617,97.96839729119638,0.0,462.0
horizon_sensitivity,french_piezoforecast,daily,84,h84_days,4,gwl_plus_drivers,xgboost,1329,1329,1,0.0,0.0,0.0,96.61399548532731,,462.0
horizon_sensitivity,swiss_groundwater_database,daily,7,h7_days,4,gwl_plus_drivers,persistence,570,570,1,0.8300482105793976,0.8300482105793976,0.0,100.0,100.0,950.0
horizon_sensitivity,swiss_groundwater_database,daily,7,h7_days,4,gwl_plus_drivers,ridge,570,570,1,0.8666680126387178,0.8300482105793976,0.0349350273633664,96.14035087719299,95.77464478609001,950.0
horizon_sensitivity,swiss_groundwater_database,daily,7,h7_days,4,gwl_plus_drivers,xgboost,570,570,1,0.8333913661224475,0.8300482105793976,0.01561254147532981,71.9298245614035,99.59884927070884,950.0
horizon_sensitivity,swiss_groundwater_database,daily,14,h14_days,4,gwl_plus_drivers,persistence,570,570,1,0.6052581836268769,0.6052581836268769,0.0,100.0,100.0,948.0
horizon_sensitivity,swiss_groundwater_database,daily,14,h14_days,4,gwl_plus_drivers,ridge,570,570,1,0.6867878554469615,0.6052581836268769,0.06501729941095707,94.73684210526315,88.12884194537408,948.0
horizon_sensitivity,swiss_groundwater_database,daily,14,h14_days,4,gwl_plus_drivers,xgboost,570,570,1,0.6311491530291244,0.6052581836268769,0.03361323996227472,74.03508771929825,95.89780493596689,948.0
horizon_sensitivity,swiss_groundwater_database,daily,28,h28_days,4,gwl_plus_drivers,persistence,570,570,1,0.2008847380706864,0.2008847380706864,0.0,100.0,100.0,945.0
horizon_sensitivity,swiss_groundwater_database,daily,28,h28_days,4,gwl_plus_drivers,ridge,570,570,1,0.3700868795799902,0.2008847380706864,0.1062250280437414,96.84210526315789,54.28042688210658,945.0
horizon_sensitivity,swiss_groundwater_database,daily,28,h28_days,4,gwl_plus_drivers,xgboost,570,570,1,0.32437540953047966,0.2008847380706864,0.03937233062698514,81.9298245614035,61.92970618872096,945.0
horizon_sensitivity,swiss_groundwater_database,daily,56,h56_days,4,gwl_plus_drivers,persistence,570,570,1,0.0,0.0,0.0,100.0,,940.0
horizon_sensitivity,swiss_groundwater_database,daily,56,h56_days,4,gwl_plus_drivers,ridge,570,570,1,0.08739171914725552,0.0,0.05361436534270825,97.36842105263158,0.0,940.0
horizon_sensitivity,swiss_groundwater_database,daily,56,h56_days,4,gwl_plus_drivers,xgboost,570,570,1,0.05360900671481006,0.0,0.0015754996517638453,90.0,0.0,940.0
horizon_sensitivity,swiss_groundwater_database,daily,84,h84_days,4,gwl_plus_drivers,persistence,570,570,1,0.0,0.0,0.0,100.0,,934.0
horizon_sensitivity,swiss_groundwater_database,daily,84,h84_days,4,gwl_plus_drivers,ridge,570,570,1,0.0,0.0,0.0,97.71929824561404,,934.0
horizon_sensitivity,swiss_groundwater_database,daily,84,h84_days,4,gwl_plus_drivers,xgboost,570,570,1,0.0,0.0,0.0,93.33333333333333,,934.0
lag_sensitivity,french_piezoforecast,daily,7,h7_days,1,gwl_plus_drivers,persistence,1329,1329,1,0.9023189341172907,0.9023189341172907,0.0,100.0,100.0,478.0
lag_sensitivity,french_piezoforecast,daily,7,h7_days,1,gwl_plus_drivers,ridge,1329,1329,1,0.9155688627897784,0.9023189341172907,0.012527705152446722,88.26185101580135,98.55282008694414,478.0
lag_sensitivity,french_piezoforecast,daily,7,h7_days,1,gwl_plus_drivers,xgboost,1329,1329,1,0.8702712422999191,0.9023189341172907,-0.00019540909784221405,49.58615500376223,103.68249463611795,478.0
lag_sensitivity,french_piezoforecast,daily,7,h7_days,4,gwl_plus_drivers,persistence,1329,1329,1,0.9023189341172907,0.9023189341172907,0.0,100.0,100.0,478.0
lag_sensitivity,french_piezoforecast,daily,7,h7_days,4,gwl_plus_drivers,ridge,1329,1329,1,0.9175409256918424,0.9023189341172907,0.016718689801996423,88.86380737396539,98.34100134955027,478.0
lag_sensitivity,french_piezoforecast,daily,7,h7_days,4,gwl_plus_drivers,xgboost,1329,1329,1,0.8735073338345931,0.9023189341172907,0.0035847402693575114,57.33634311512416,103.29838104005586,478.0
lag_sensitivity,french_piezoforecast,daily,7,h7_days,8,gwl_plus_drivers,persistence,1329,1329,1,0.9021428320146021,0.9021428320146021,0.0,100.0,100.0,477.0
lag_sensitivity,french_piezoforecast,daily,7,h7_days,8,gwl_plus_drivers,ridge,1329,1329,1,0.9172513790851964,0.9021428320146021,0.017138789334799065,88.63807373965388,98.35284553230517,477.0
lag_sensitivity,french_piezoforecast,daily,7,h7_days,8,gwl_plus_drivers,xgboost,1329,1329,1,0.8756777479461477,0.9021428320146021,0.005369931777758574,58.38976674191121,103.02224010265496,477.0
lag_sensitivity,french_piezoforecast,daily,7,h7_days,14,gwl_plus_drivers,persistence,1329,1329,1,0.9019118398604359,0.9019118398604359,0.0,100.0,100.0,476.0
lag_sensitivity,french_piezoforecast,daily,7,h7_days,14,gwl_plus_drivers,ridge,1329,1329,1,0.9137449868509332,0.9019118398604359,0.016135917247265152,87.3589164785553,98.70498364852558,476.0
lag_sensitivity,french_piezoforecast,daily,7,h7_days,14,gwl_plus_drivers,xgboost,1329,1329,1,0.8702920653606574,0.9019118398604359,0.004518980883417734,57.78781038374717,103.63323713478589,476.0
lag_sensitivity,french_piezoforecast,daily,28,h28_days,1,gwl_plus_drivers,persistence,1329,1329,1,0.43502269068824273,0.43502269068824273,0.0,100.0,100.00000000000001,474.0
lag_sensitivity,french_piezoforecast,daily,28,h28_days,1,gwl_plus_drivers,ridge,1329,1329,1,0.5738083444780389,0.43502269068824273,0.1278997487464575,91.64785553047405,75.8132388409162,474.0
lag_sensitivity,french_piezoforecast,daily,28,h28_days,1,gwl_plus_drivers,xgboost,1329,1329,1,0.5026682601591248,0.43502269068824273,0.0786943413642931,72.31000752445448,86.54270125401032,474.0
lag_sensitivity,french_piezoforecast,daily,28,h28_days,4,gwl_plus_drivers,persistence,1329,1329,1,0.43476719225600424,0.43476719225600424,0.0,100.0,100.0,473.0
lag_sensitivity,french_piezoforecast,daily,28,h28_days,4,gwl_plus_drivers,ridge,1329,1329,1,0.5884023654629034,0.43476719225600424,0.1502582570827099,92.47554552294959,73.88943651067201,473.0
lag_sensitivity,french_piezoforecast,daily,28,h28_days,4,gwl_plus_drivers,xgboost,1329,1329,1,0.5198295202859082,0.43476719225600424,0.10722459416344077,75.24454477050413,83.63649529116404,473.0
lag_sensitivity,french_piezoforecast,daily,28,h28_days,8,gwl_plus_drivers,persistence,1329,1329,1,0.43476719225600424,0.43476719225600424,0.0,100.0,100.0,473.0
lag_sensitivity,french_piezoforecast,daily,28,h28_days,8,gwl_plus_drivers,ridge,1329,1329,1,0.5894429192550805,0.43476719225600424,0.15460972443600052,92.7012791572611,73.75899820892741,473.0
lag_sensitivity,french_piezoforecast,daily,28,h28_days,8,gwl_plus_drivers,xgboost,1329,1329,1,0.5309384553321705,0.43476719225600424,0.12188658982596179,75.69601203912715,81.88655161246538,473.0
lag_sensitivity,french_piezoforecast,daily,28,h28_days,14,gwl_plus_drivers,persistence,1329,1329,1,0.43572109701982376,0.43572109701982376,0.0,100.0,100.0,471.0
lag_sensitivity,french_piezoforecast,daily,28,h28_days,14,gwl_plus_drivers,ridge,1329,1329,1,0.5858920724756853,0.43572109701982376,0.15308265927192455,91.72310007524455,74.3688330136787,471.0
lag_sensitivity,french_piezoforecast,daily,28,h28_days,14,gwl_plus_drivers,xgboost,1329,1329,1,0.5188922389449082,0.43572109701982376,0.12322733929757912,75.99699021820918,83.97140375539229,471.0
lag_sensitivity,french_piezoforecast,daily,84,h84_days,1,gwl_plus_drivers,persistence,1329,1329,1,0.0,0.0,0.0,100.0,,463.0
lag_sensitivity,french_piezoforecast,daily,84,h84_days,1,gwl_plus_drivers,ridge,1329,1329,1,0.11012683671372281,0.0,0.09599765828836537,97.96839729119638,0.0,463.0
lag_sensitivity,french_piezoforecast,daily,84,h84_days,1,gwl_plus_drivers,xgboost,1329,1329,1,0.0,0.0,0.0,96.3882618510158,,463.0
lag_sensitivity,french_piezoforecast,daily,84,h84_days,4,gwl_plus_drivers,persistence,1329,1329,1,0.0,0.0,0.0,100.0,,462.0
lag_sensitivity,french_piezoforecast,daily,84,h84_days,4,gwl_plus_drivers,ridge,1329,1329,1,0.1260497363355122,0.0,0.1170525121470617,97.96839729119638,0.0,462.0
lag_sensitivity,french_piezoforecast,daily,84,h84_days,4,gwl_plus_drivers,xgboost,1329,1329,1,0.0,0.0,0.0,96.61399548532731,,462.0
lag_sensitivity,french_piezoforecast,daily,84,h84_days,8,gwl_plus_drivers,persistence,1329,1329,1,0.0,0.0,0.0,100.0,,461.0
lag_sensitivity,french_piezoforecast,daily,84,h84_days,8,gwl_plus_drivers,ridge,1329,1329,1,0.1329057504430866,0.0,0.12793850932125772,98.0436418359669,0.0,461.0
lag_sensitivity,french_piezoforecast,daily,84,h84_days,8,gwl_plus_drivers,xgboost,1329,1329,1,0.0,0.0,0.0,96.4635063957863,,461.0
lag_sensitivity,french_piezoforecast,daily,84,h84_days,14,gwl_plus_drivers,persistence,1329,1329,1,0.0,0.0,0.0,100.0,,460.0
lag_sensitivity,french_piezoforecast,daily,84,h84_days,14,gwl_plus_drivers,ridge,1329,1329,1,0.13465518455365277,0.0,0.12824427093824797,98.0436418359669,0.0,460.0
lag_sensitivity,french_piezoforecast,daily,84,h84_days,14,gwl_plus_drivers,xgboost,1329,1329,1,0.0,0.0,0.0,96.68924003009782,,460.0
lag_sensitivity,swiss_groundwater_database,daily,7,h7_days,1,gwl_plus_drivers,persistence,570,570,1,0.8300623065809463,0.8300623065809463,0.0,100.0,100.0,950.0
lag_sensitivity,swiss_groundwater_database,daily,7,h7_days,1,gwl_plus_drivers,ridge,570,570,1,0.8647948387222204,0.8300623065809463,0.030295976101135436,94.38596491228071,95.98372578256904,950.0
lag_sensitivity,swiss_groundwater_database,daily,7,h7_days,1,gwl_plus_drivers,xgboost,570,570,1,0.8263067721543105,0.8300623065809463,0.0074820953004667845,64.21052631578948,100.45449638720066,950.0
lag_sensitivity,swiss_groundwater_database,daily,7,h7_days,4,gwl_plus_drivers,persistence,570,570,1,0.8300482105793976,0.8300482105793976,0.0,100.0,100.0,950.0
lag_sensitivity,swiss_groundwater_database,daily,7,h7_days,4,gwl_plus_drivers,ridge,570,570,1,0.8666680126387178,0.8300482105793976,0.0349350273633664,96.14035087719299,95.77464478609001,950.0
lag_sensitivity,swiss_groundwater_database,daily,7,h7_days,4,gwl_plus_drivers,xgboost,570,570,1,0.8333913661224475,0.8300482105793976,0.01561254147532981,71.9298245614035,99.59884927070884,950.0
lag_sensitivity,swiss_groundwater_database,daily,7,h7_days,8,gwl_plus_drivers,persistence,570,570,1,0.83003641272132,0.83003641272132,0.0,100.0,100.0,949.0
lag_sensitivity,swiss_groundwater_database,daily,7,h7_days,8,gwl_plus_drivers,ridge,570,570,1,0.8691307653146567,0.83003641272132,0.036071579195766756,96.66666666666667,95.5019021126029,949.0
lag_sensitivity,swiss_groundwater_database,daily,7,h7_days,8,gwl_plus_drivers,xgboost,570,570,1,0.8328932641035058,0.83003641272132,0.017305599934954286,72.45614035087719,99.65699669989998,949.0
lag_sensitivity,swiss_groundwater_database,daily,7,h7_days,14,gwl_plus_drivers,persistence,570,570,1,0.8305006332601959,0.8305006332601959,0.0,100.0,100.0,948.0
lag_sensitivity,swiss_groundwater_database,daily,7,h7_days,14,gwl_plus_drivers,ridge,570,570,1,0.8670996459090381,0.8305006332601959,0.03371215052879456,96.14035087719299,95.77914570470466,948.0
lag_sensitivity,swiss_groundwater_database,daily,7,h7_days,14,gwl_plus_drivers,xgboost,570,570,1,0.8347767618797794,0.8305006332601959,0.01376329496787071,69.82456140350877,99.48775183799386,948.0
lag_sensitivity,swiss_groundwater_database,daily,28,h28_days,1,gwl_plus_drivers,persistence,570,570,1,0.2006632484105958,0.2006632484105958,0.0,100.0,100.0,946.0
lag_sensitivity,swiss_groundwater_database,daily,28,h28_days,1,gwl_plus_drivers,ridge,570,570,1,0.361262291171963,0.2006632484105958,0.0891388485216899,94.91228070175438,55.54503011084511,946.0
lag_sensitivity,swiss_groundwater_database,daily,28,h28_days,1,gwl_plus_drivers,xgboost,570,570,1,0.3194342216262302,0.2006632484105958,0.02945176594853527,79.47368421052632,62.81833154538832,946.0
lag_sensitivity,swiss_groundwater_database,daily,28,h28_days,4,gwl_plus_drivers,persistence,570,570,1,0.2008847380706864,0.2008847380706864,0.0,100.0,100.0,945.0
lag_sensitivity,swiss_groundwater_database,daily,28,h28_days,4,gwl_plus_drivers,ridge,570,570,1,0.3700868795799902,0.2008847380706864,0.1062250280437414,96.84210526315789,54.28042688210658,945.0
lag_sensitivity,swiss_groundwater_database,daily,28,h28_days,4,gwl_plus_drivers,xgboost,570,570,1,0.32437540953047966,0.2008847380706864,0.03937233062698514,81.9298245614035,61.92970618872096,945.0
lag_sensitivity,swiss_groundwater_database,daily,28,h28_days,8,gwl_plus_drivers,persistence,570,570,1,0.20240884270817072,0.20240884270817072,0.0,100.0,100.0,945.0
lag_sensitivity,swiss_groundwater_database,daily,28,h28_days,8,gwl_plus_drivers,ridge,570,570,1,0.38875241213438055,0.20240884270817072,0.11068141506395246,97.01754385964912,52.06626027009803,945.0
lag_sensitivity,swiss_groundwater_database,daily,28,h28_days,8,gwl_plus_drivers,xgboost,570,570,1,0.33188251965094395,0.20240884270817072,0.04809454438625482,83.33333333333334,60.98809992194026,945.0
lag_sensitivity,swiss_groundwater_database,daily,28,h28_days,14,gwl_plus_drivers,persistence,570,570,1,0.20521749143038936,0.20521749143038936,0.0,100.0,100.0,943.0
lag_sensitivity,swiss_groundwater_database,daily,28,h28_days,14,gwl_plus_drivers,ridge,570,570,1,0.39247739751563215,0.20521749143038936,0.11527606985764227,95.6140350877193,52.287722230479694,943.0
lag_sensitivity,swiss_groundwater_database,daily,28,h28_days,14,gwl_plus_drivers,xgboost,570,570,1,0.3290682783575686,0.20521749143038936,0.05500885481072504,82.28070175438596,62.363194791871784,943.0
lag_sensitivity,swiss_groundwater_database,daily,84,h84_days,1,gwl_plus_drivers,persistence,570,570,1,0.0,0.0,0.0,100.0,,935.0
lag_sensitivity,swiss_groundwater_database,daily,84,h84_days,1,gwl_plus_drivers,ridge,570,570,1,0.0,0.0,0.0,97.54385964912281,,935.0
lag_sensitivity,swiss_groundwater_database,daily,84,h84_days,1,gwl_plus_drivers,xgboost,570,570,1,0.0,0.0,0.0,91.75438596491227,,935.0
lag_sensitivity,swiss_groundwater_database,daily,84,h84_days,4,gwl_plus_drivers,persistence,570,570,1,0.0,0.0,0.0,100.0,,934.0
lag_sensitivity,swiss_groundwater_database,daily,84,h84_days,4,gwl_plus_drivers,ridge,570,570,1,0.0,0.0,0.0,97.71929824561404,,934.0
lag_sensitivity,swiss_groundwater_database,daily,84,h84_days,4,gwl_plus_drivers,xgboost,570,570,1,0.0,0.0,0.0,93.33333333333333,,934.0
lag_sensitivity,swiss_groundwater_database,daily,84,h84_days,8,gwl_plus_drivers,persistence,570,570,1,0.0,0.0,0.0,100.0,,933.0
lag_sensitivity,swiss_groundwater_database,daily,84,h84_days,8,gwl_plus_drivers,ridge,570,570,1,0.010672008992967275,0.0,0.0023520491736483407,97.89473684210527,0.0,933.0
lag_sensitivity,swiss_groundwater_database,daily,84,h84_days,8,gwl_plus_drivers,xgboost,570,570,1,0.0,0.0,0.0,93.15789473684211,,933.0
lag_sensitivity,swiss_groundwater_database,daily,84,h84_days,14,gwl_plus_drivers,persistence,570,570,1,0.0,0.0,0.0,100.0,,932.0
lag_sensitivity,swiss_groundwater_database,daily,84,h84_days,14,gwl_plus_drivers,ridge,570,570,1,0.016768598205392227,0.0,0.01044687695491936,97.89473684210527,0.0,932.0
lag_sensitivity,swiss_groundwater_database,daily,84,h84_days,14,gwl_plus_drivers,xgboost,570,570,1,0.0,0.0,0.0,93.6842105263158,,932.0
