regime,fold,n_test,n_pos,ml_auc,idw_auc
spatial_block,626_177,481,109,0.7766844233994279,0.8249358784650292
spatial_block,624_177,331,74,0.5696182563886844,0.644731307182669
spatial_block,627_177,288,256,0.695068359375,0.70068359375
spatial_block,627_175,212,178,0.5846001321877066,0.6568076668869796
spatial_block,625_177,174,14,0.37366071428571423,0.8165178571428571
spatial_block,626_176,136,86,0.6753488372093023,0.6966279069767443
spatial_block,627_176,124,120,0.7541666666666667,0.7114583333333333
spatial_block,628_177,114,100,0.5914285714285714,0.5289285714285715
spatial_block,626_175,111,97,0.49705449189985274,0.48858615611192924
spatial_block,627_178,85,42,0.6467331118493909,0.7259136212624585
spatial_block,623_177,85,9,0.6345029239766082,0.8362573099415205
spatial_block,625_178,63,9,0.5637860082304527,0.831275720164609
spatial_block,628_178,43,32,0.5000000000000001,0.5568181818181819
spatial_block,626_174,41,24,0.5147058823529411,0.5588235294117647
random_kfold,0,160,74,0.8931489629164049,0.9410747957259586
random_kfold,1,187,93,0.9110043468313889,0.9278197208876687
random_kfold,2,170,83,0.9043068827032267,0.9166320454230716
random_kfold,3,159,78,0.9240265906932574,0.9070117125672682
random_kfold,4,176,79,0.8839879942581235,0.9069555004567402
random_kfold,5,162,87,0.9098850574712645,0.9253639846743296
random_kfold,6,184,82,0.9236011477761836,0.9369918699186992
random_kfold,7,177,101,0.9145388223032829,0.9405940594059405
random_kfold,8,159,84,0.9403174603174603,0.9515079365079364
random_kfold,9,155,87,0.8806626098715349,0.8760987153482083
random_kfold,10,193,101,0.8866767111493759,0.9170792079207921
random_kfold,11,180,88,0.8994565217391304,0.8857460474308301
random_kfold,12,156,72,0.8763227513227513,0.884837962962963
random_kfold,13,174,76,0.875671321160043,0.8939983888292159
