country,n_rows,ml_random_r2,persistence_r2,persistence_beats_ml
AUS,183313,0.7633153216656344,0.6697590532315862,False
BEL,126058,0.7983374046364866,0.7567270024907848,False
CRI,7199,0.5028939971205169,0.2816954628507352,False
CUB,98335,0.7276914186096148,0.6725194302518378,False
CZE,217750,0.6805205364919016,0.6169892980035353,False
DNK,23436,0.745724269961627,0.6918266811070098,False
ESP,118972,0.7351021518861055,0.654508785518773,False
EST,32452,0.7831662812623778,0.746758095881729,False
FRA,381949,0.7054450484215078,0.6525257187158984,False
JAM,11627,0.6910864823307757,0.5853730986700516,False
KOR,81689,0.5996613824173384,0.5055920558015453,False
NLD,262638,0.566260666732991,0.45710352135306137,False
NZL,96177,0.6597595307419852,0.5830003738127876,False
PRT,13700,0.7681700762797127,0.733754014195922,False
USA,218140,0.7941758010667456,0.761689798025341,False
ZAF,226187,0.8360041101953162,0.8045648239474346,False
