fold,metric,ml_value,base_value,ml_skill,base_skill
0,AUC,0.891276844735427,0.8094063320365625,0.391276844735427,0.30940633203656254
1,AUC,0.8820220533452541,0.8340318134406199,0.3820220533452541,0.33403181344061994
2,AUC,0.8183757001292546,0.6766695389918138,0.31837570012925465,0.1766695389918138
3,AUC,0.9010562817968197,0.8227362945725822,0.40105628179681974,0.32273629457258224
4,AUC,0.8392556490917146,0.8553389455028799,0.3392556490917146,0.3553389455028799
5,AUC,0.8418246944795618,0.7816266329540665,0.34182469447956176,0.28162663295406654
6,AUC,0.8476584364699298,0.856567572610237,0.3476584364699298,0.35656757261023697
7,AUC,0.8879197557784562,0.8510502980084316,0.38791975577845617,0.35105029800843157
8,AUC,0.8786034442085398,0.8053550365652276,0.37860344420853975,0.30535503656522756
9,AUC,0.8208488665570658,0.6845231203834488,0.3208488665570658,0.18452312038344876
10,AUC,0.8566710700132101,0.7563726209697148,0.3566710700132101,0.2563726209697148
11,AUC,0.8156203078078078,0.7256827139639639,0.3156203078078078,0.2256827139639639
12,AUC,0.8069960647135986,0.745226643346451,0.30699606471359864,0.24522664334645095
13,AUC,0.9460201499307644,0.8647041971064316,0.44602014993076444,0.36470419710643165
14,AUC,0.8398849850322988,0.795434851110761,0.3398849850322988,0.29543485111076095
15,AUC,0.8996210676228987,0.8335367869586228,0.39962106762289873,0.33353678695862277
