block_deg,block,n_test,n_pos,auc
3.0,-38_17,3000,5,0.9804340567612688
3.0,-38_16,774,5,0.8169050715214564
3.0,48_-6,347,5,0.4368421052631579
3.0,48_-8,305,7,0.9400767018216684
3.0,47_-7,304,29,0.7170532915360501
3.0,46_-12,292,14,0.4198355601233299
3.0,47_-8,178,8,0.41838235294117654
3.0,11_-6,146,18,0.37369791666666663
3.0,12_4,143,13,0.642603550295858
5.0,-23_10,7012,8,0.8785069246145061
5.0,30_-6,3366,6,0.4974454365079365
5.0,29_-5,1278,5,0.5872741555380989
5.0,2_11,1157,5,0.5322916666666667
5.0,29_-4,1065,5,0.6003773584905661
5.0,28_-5,708,24,0.5563474658869396
5.0,-20_9,424,5,0.43675417661097854
5.0,27_-7,341,13,0.6011960600375236
5.0,7_2,261,34,0.4208991966830785
5.0,28_-4,199,40,0.5290880503144654
5.0,-23_6,195,7,0.4012158054711246
5.0,-24_7,188,5,0.848087431693989
5.0,-22_6,187,6,0.6602209944751383
5.0,14_5,179,6,0.6579961464354529
5.0,-22_8,136,6,0.6089743589743589
5.0,6_-4,108,16,0.4592391304347826
7.0,-17_7,6745,12,0.6883385316104758
7.0,21_-4,5788,16,0.48872249653499655
7.0,20_-4,1129,18,0.5721072107210721
7.0,20_-3,1070,51,0.644364909850103
7.0,-15_6,731,5,0.4461432506887053
7.0,10_3,512,7,0.45629420084865624
7.0,19_-5,434,20,0.6227657004830918
7.0,-16_5,325,8,0.604692429022082
7.0,-16_4,308,8,0.59
7.0,-17_4,262,9,0.5327184892402284
7.0,-17_5,254,6,0.6458333333333334
7.0,5_1,203,20,0.7234972677595628
7.0,4_-3,127,19,0.48318713450292394
7.0,5_2,108,14,0.5706686930091185
10.0,-12_5,8083,11,0.7858365618524191
10.0,15_-3,5026,10,0.41851076555023925
10.0,14_-3,3195,34,0.5875839737983141
10.0,1_5,2405,7,0.5708030501608483
10.0,14_-2,1311,46,0.7147963567623303
10.0,-12_4,1115,5,0.5963963963963964
10.0,7_2,980,12,0.5678374655647384
10.0,-11_4,895,11,0.4785067873303168
10.0,-12_3,731,16,0.6618881118881119
10.0,-10_4,711,5,0.42691218130311614
10.0,-11_3,476,9,0.6901023078753271
10.0,13_-4,442,19,0.49688938658703496
10.0,13_-3,283,9,0.5401459854014599
10.0,3_1,274,34,0.4543504901960784
10.0,3_-2,255,29,0.433094293561184
10.0,-5_-3,114,6,0.2137345679012346
