regime,fold,label,n_test,n_pos,prevalence,roc_auc,pr_auc,ap_lift,continent,block
leave_one_continent,0,Africa,1171,78,0.06660973526900085,0.30316466089567645,0.04421743742907666,0.6638284516595996,Africa,
leave_one_continent,1,Asia,2956,23,0.007780784844384303,0.5072414355386234,0.009232266094889103,1.1865468946300952,Asia,
leave_one_continent,2,Australia,12675,127,0.010019723865877713,0.44574095316504303,0.008384342120861105,0.8367837510386968,Australia,
leave_one_continent,3,Europe,3204,10,0.003121098626716604,0.5755635566687539,0.004968633595908578,1.5919502041291085,Europe,
leave_one_continent,4,North America,15812,66,0.004174045029091829,0.6547829366958036,0.01341552389165513,3.214034299618953,North America,
leave_one_continent,5,South America,790,9,0.01139240506329114,0.34876938398065155,0.01573061274528234,1.380798229863672,South America,
spatial_block_5deg,0,-20_9,424,5,0.01179245283018868,0.43675417661097854,0.013305687440145627,1.128322294924349,,-20_9
spatial_block_5deg,1,-22_6,187,6,0.03208556149732621,0.6602209944751383,0.05781244328445467,1.8018211490321705,,-22_6
spatial_block_5deg,2,-22_8,136,6,0.04411764705882353,0.6089743589743589,0.09037328937943243,2.0484612259338015,,-22_8
spatial_block_5deg,3,-23_10,7012,8,0.0011409013120365088,0.8785069246145061,0.044793436342023034,39.26144695378319,,-23_10
spatial_block_5deg,4,-23_6,195,7,0.035897435897435895,0.4012158054711246,0.03946062531357146,1.0992602765923478,,-23_6
spatial_block_5deg,5,-24_7,188,5,0.026595744680851064,0.848087431693989,0.17813962873284908,6.698050040355126,,-24_7
spatial_block_5deg,6,14_5,179,6,0.0335195530726257,0.6579961464354529,0.21113885796575765,6.29897592931177,,14_5
spatial_block_5deg,7,27_-7,341,13,0.03812316715542522,0.6011960600375236,0.05036629079166992,1.3211465507661109,,27_-7
spatial_block_5deg,8,28_-4,199,40,0.20100502512562815,0.5290880503144654,0.22007140230581151,1.0948552264714122,,28_-4
spatial_block_5deg,9,28_-5,708,24,0.03389830508474576,0.5563474658869396,0.047455304327878325,1.3999314776724106,,28_-5
spatial_block_5deg,10,29_-4,1065,5,0.004694835680751174,0.6003773584905661,0.009797696856520387,2.0869094304388427,,29_-4
spatial_block_5deg,11,29_-5,1278,5,0.003912363067292645,0.5872741555380989,0.006927883134212156,1.770766929104627,,29_-5
spatial_block_5deg,12,2_11,1157,5,0.00432152117545376,0.5322916666666667,0.005228572188782294,1.2098916044842227,,2_11
spatial_block_5deg,13,30_-6,3366,6,0.0017825311942959,0.4974454365079365,0.00233188734610398,1.3081888011643328,,30_-6
spatial_block_5deg,14,6_-4,108,16,0.14814814814814814,0.4592391304347826,0.13425247878638896,0.9062042318081256,,6_-4
spatial_block_5deg,15,7_2,261,34,0.13026819923371646,0.4208991966830785,0.10899565444367058,0.8367019355822949,,7_2
random_kfold,0,fold_0,6217,55,0.008846710632137687,0.7940190611076687,0.17109107474173157,19.339512939442642,,
random_kfold,1,fold_1,6239,63,0.01009777207885879,0.890418105929764,0.3273021204414919,32.41330046721378,,
random_kfold,2,fold_2,6105,48,0.007862407862407862,0.8591436904958449,0.16784476880388147,21.347756532243675,,
random_kfold,3,fold_3,6259,44,0.007029876977152899,0.8818931470781833,0.2329444685200104,33.136350646971486,,
random_kfold,4,fold_4,6161,48,0.007790943028729102,0.8542876519984732,0.17320467836373377,22.231542154145078,,
random_kfold,5,fold_5,6151,58,0.009429361079499269,0.865661273253083,0.2526780094598291,26.79693855495532,,
