scale_deg,regime,fold,n_train,n_test,n_positive_test,ml_auc,baseline_idw_auc,ml_skill,baseline_skill,model_increment_auc,baseline_recovery_pct,recovery_status
0.1,spatial_block,940_266,2121,271,169,0.5951386471748463,0.7105812739296903,0.0951386471748463,0.2105812739296902,-0.1154426267548439,221.34146341463406,defined_near_floor_may_be_unstable
0.1,spatial_block,937_266,2190,202,25,0.7211299435028249,0.7611299435028249,0.2211299435028249,0.2611299435028249,-0.04,118.08891159938683,defined_near_floor_may_be_unstable
0.1,spatial_block,936_266,2208,184,51,0.7797434763379036,0.8860386259767066,0.2797434763379036,0.3860386259767066,-0.1062951496388029,137.99736495388672,defined_near_floor_may_be_unstable
0.1,spatial_block,939_266,2213,179,20,0.5320754716981133,0.7797169811320754,0.0320754716981133,0.2797169811320754,-0.2476415094339621,872.058823529409,defined_near_floor_may_be_unstable
0.1,spatial_block,939_265,2223,169,27,0.770735524256651,0.8380281690140845,0.270735524256651,0.3380281690140845,-0.0672926447574334,124.85549132947978,defined_near_floor_may_be_unstable
0.1,spatial_block,940_263,2234,158,135,0.5475040257648953,0.5246376811594203,0.0475040257648953,0.0246376811594203,0.0228663446054749,51.864406779661074,defined_near_floor_may_be_unstable
0.1,spatial_block,940_265,2270,122,76,0.6893592677345539,0.7236842105263157,0.1893592677345539,0.2236842105263157,-0.0343249427917617,118.12688821752255,defined_near_floor_may_be_unstable
0.1,spatial_block,941_265,2294,98,96,0.53125,0.4869791666666666,0.03125,-0.0130208333333333,0.0442708333333333,0.0,defined_near_floor_may_be_unstable
0.1,spatial_block,941_266,2300,92,88,0.5,0.4829545454545454,0.0,-0.0170454545454545,0.0170454545454545,,undefined_model_skill_at_or_below_zero
0.1,spatial_block,935_266,2307,85,9,0.6169590643274854,0.8362573099415205,0.1169590643274853,0.3362573099415205,-0.2192982456140351,287.5000000000002,defined_near_floor_may_be_unstable
0.1,spatial_block,940_262,2318,74,56,0.5714285714285715,0.5595238095238095,0.0714285714285715,0.0595238095238095,0.0119047619047619,83.33333333333323,defined_near_floor_may_be_unstable
0.1,spatial_block,941_263,2324,68,61,0.7962529274004685,0.6159250585480094,0.2962529274004685,0.1159250585480093,0.1803278688524591,39.13043478260866,defined_near_floor_may_be_unstable
0.1,spatial_block,942_265,2335,57,54,0.419753086419753,0.5,-0.0802469135802469,0.0,-0.0802469135802469,,undefined_model_skill_at_or_below_zero
0.1,spatial_block,942_266,2342,50,43,0.7641196013289037,0.7225913621262459,0.2641196013289036,0.2225913621262458,0.0415282392026578,84.27672955974842,defined_near_floor_may_be_unstable
0.1,spatial_block,941_267,2348,44,28,0.3950892857142857,0.4888392857142857,-0.1049107142857142,-0.0111607142857143,-0.0937499999999999,,undefined_model_skill_at_or_below_zero
0.1,random_kfold,0,2246,146,70,0.8845864661654136,0.9388157894736844,0.3845864661654136,0.4388157894736844,-0.0542293233082707,114.10068426197462,defined_near_floor_may_be_unstable
0.1,random_kfold,1,2242,150,68,0.9162482065997132,0.9307747489239598,0.416248206599713,0.4307747489239598,-0.0145265423242467,103.4898750538561,defined_near_floor_may_be_unstable
0.1,random_kfold,2,2219,173,89,0.9137239165329052,0.9298421615837346,0.4137239165329053,0.4298421615837345,-0.0161182450508292,103.89589395408984,defined_near_floor_may_be_unstable
0.1,random_kfold,3,2262,130,58,0.8975095785440612,0.8994252873563219,0.3975095785440612,0.3994252873563219,-0.0019157088122606,100.48192771084341,defined_near_floor_may_be_unstable
0.1,random_kfold,4,2244,148,74,0.8971877282688094,0.9154492330168006,0.3971877282688094,0.4154492330168006,-0.0182615047479911,104.59770114942528,defined_near_floor_may_be_unstable
0.1,random_kfold,5,2244,148,68,0.9034926470588236,0.9146139705882352,0.4034926470588235,0.4146139705882353,-0.0111213235294118,102.75626423690206,defined_near_floor_may_be_unstable
0.1,random_kfold,6,2249,143,77,0.897874852420307,0.91991341991342,0.3978748524203069,0.41991341991342,-0.022038567493113,105.53907022749758,defined_near_floor_may_be_unstable
0.1,random_kfold,7,2232,160,72,0.9236111111111112,0.938052398989899,0.4236111111111111,0.438052398989899,-0.0144412878787878,103.40909090909092,defined_near_floor_may_be_unstable
0.1,random_kfold,8,2231,161,95,0.8996810207336523,0.9379585326953748,0.3996810207336523,0.4379585326953747,-0.0382775119617224,109.57701516360733,defined_near_floor_may_be_unstable
0.1,random_kfold,9,2262,130,66,0.9505208333333334,0.9607007575757576,0.4505208333333333,0.4607007575757577,-0.0101799242424243,102.25959012086182,defined_near_floor_may_be_unstable
0.1,random_kfold,10,2240,152,77,0.906147186147186,0.9077922077922078,0.406147186147186,0.4077922077922078,-0.0016450216450217,100.40503091025371,defined_near_floor_may_be_unstable
0.1,random_kfold,11,2243,149,84,0.8564102564102564,0.8698717948717949,0.3564102564102563,0.3698717948717949,-0.0134615384615385,103.77697841726622,defined_near_floor_may_be_unstable
0.1,random_kfold,12,2240,152,78,0.8977823977823977,0.9291406791406792,0.3977823977823976,0.4291406791406792,-0.0313582813582815,107.88327526132412,defined_near_floor_may_be_unstable
0.1,random_kfold,13,2239,153,80,0.9039383561643836,0.8916095890410959,0.4039383561643835,0.3916095890410959,0.0123287671232876,96.94785926239935,defined_near_floor_may_be_unstable
0.1,random_kfold,14,2247,145,64,0.8560956790123457,0.8721064814814816,0.3560956790123457,0.3721064814814816,-0.0160108024691358,104.49620801733481,defined_near_floor_may_be_unstable
0.1,random_kfold,15,2240,152,65,0.8703801945181255,0.9000884173297967,0.3703801945181255,0.4000884173297967,-0.0297082228116711,108.02100740033426,defined_near_floor_may_be_unstable
0.15,spatial_block,626_177,1911,481,109,0.7782381375160305,0.8249358784650292,0.2782381375160305,0.3249358784650292,-0.0466977409489987,116.78337174259882,defined_near_floor_may_be_unstable
0.15,spatial_block,624_177,2061,331,74,0.5353349458407825,0.644731307182669,0.0353349458407824,0.144731307182669,-0.1093963613418865,409.5982142857143,defined_near_floor_may_be_unstable
0.15,spatial_block,627_177,2104,288,256,0.6890869140625,0.70068359375,0.1890869140625,0.20068359375,-0.0115966796875,106.13298902517754,defined_near_floor_may_be_unstable
0.15,spatial_block,627_175,2180,212,178,0.5543621943159287,0.6568076668869796,0.0543621943159287,0.1568076668869795,-0.1024454725710508,288.44984802431566,defined_near_floor_may_be_unstable
0.15,spatial_block,625_177,2218,174,14,0.4303571428571429,0.8165178571428571,-0.0696428571428571,0.3165178571428571,-0.3861607142857142,,undefined_model_skill_at_or_below_zero
0.15,spatial_block,626_176,2256,136,86,0.663953488372093,0.6966279069767443,0.163953488372093,0.1966279069767442,-0.0326744186046512,119.92907801418443,defined_near_floor_may_be_unstable
0.15,spatial_block,627_176,2268,124,120,0.76875,0.7114583333333333,0.26875,0.2114583333333333,0.0572916666666667,78.68217054263565,defined_near_floor_may_be_unstable
0.15,spatial_block,628_177,2278,114,100,0.6014285714285714,0.5289285714285715,0.1014285714285714,0.0289285714285715,0.0724999999999999,28.52112676056346,defined_near_floor_may_be_unstable
0.15,spatial_block,626_175,2281,111,97,0.4867452135493372,0.4885861561119292,-0.0132547864506627,-0.0114138438880707,-0.0018409425625919,,undefined_model_skill_at_or_below_zero
0.15,spatial_block,623_177,2307,85,9,0.6169590643274854,0.8362573099415205,0.1169590643274853,0.3362573099415205,-0.2192982456140351,287.5000000000002,defined_near_floor_may_be_unstable
0.15,spatial_block,627_178,2307,85,42,0.6406423034330011,0.7259136212624585,0.1406423034330011,0.2259136212624585,-0.0852713178294574,160.62992125984255,defined_near_floor_may_be_unstable
0.15,spatial_block,625_178,2329,63,9,0.5185185185185186,0.831275720164609,0.0185185185185186,0.331275720164609,-0.3127572016460904,1788.8888888888805,defined_near_floor_may_be_unstable
0.15,spatial_block,628_178,2349,43,32,0.5369318181818182,0.5568181818181819,0.0369318181818182,0.0568181818181818,-0.0198863636363636,153.84615384615373,defined_near_floor_may_be_unstable
0.15,spatial_block,626_174,2351,41,24,0.5245098039215687,0.5588235294117647,0.0245098039215686,0.0588235294117647,-0.034313725490196,240.00000000000026,defined_near_floor_may_be_unstable
0.15,random_kfold,0,2232,160,74,0.8934632306725331,0.9410747957259586,0.3934632306725331,0.4410747957259586,-0.0476115650534255,112.10063897763577,defined_near_floor_may_be_unstable
0.15,random_kfold,1,2205,187,93,0.9063143445435828,0.9278197208876688,0.4063143445435827,0.4278197208876687,-0.021505376344086,105.2927927927928,defined_near_floor_may_be_unstable
0.15,random_kfold,2,2222,170,83,0.9065226422933113,0.9166320454230716,0.4065226422933111,0.4166320454230716,-0.0101094031297604,102.48679952307955,defined_near_floor_may_be_unstable
0.15,random_kfold,3,2233,159,78,0.9229186451408674,0.9070117125672682,0.4229186451408674,0.4070117125672682,0.0159069325735992,96.23877245508983,defined_near_floor_may_be_unstable
0.15,random_kfold,4,2216,176,79,0.8832050110922616,0.9069555004567402,0.3832050110922615,0.4069555004567402,-0.0237504893644786,106.1978545887962,defined_near_floor_may_be_unstable
0.15,random_kfold,5,2230,162,87,0.9137164750957856,0.9253639846743296,0.4137164750957856,0.4253639846743295,-0.0116475095785439,102.81533617336541,defined_near_floor_may_be_unstable
0.15,random_kfold,6,2208,184,82,0.9220468675274988,0.9369918699186992,0.4220468675274987,0.4369918699186992,-0.0149450023912004,103.54107648725216,defined_near_floor_may_be_unstable
0.15,random_kfold,7,2215,177,101,0.9060708702449192,0.9405940594059404,0.4060708702449191,0.4405940594059405,-0.0345231891610213,108.50176451716393,defined_near_floor_may_be_unstable
0.15,random_kfold,8,2233,159,84,0.9453968253968252,0.9515079365079364,0.4453968253968253,0.4515079365079364,-0.006111111111111,101.3720598717035,defined_near_floor_may_be_unstable
0.15,random_kfold,9,2237,155,87,0.8777890466531441,0.8760987153482083,0.377789046653144,0.3760987153482082,0.0016903313049357,99.55257270693511,defined_near_floor_may_be_unstable
0.15,random_kfold,10,2199,193,101,0.8886138613861386,0.917079207920792,0.3886138613861386,0.4170792079207921,-0.0284653465346534,107.32484076433123,defined_near_floor_may_be_unstable
0.15,random_kfold,11,2212,180,88,0.8955039525691699,0.8857460474308301,0.3955039525691699,0.3857460474308301,0.0097579051383398,97.53279200499689,defined_near_floor_may_be_unstable
0.15,random_kfold,12,2236,156,72,0.8802910052910053,0.884837962962963,0.3802910052910053,0.384837962962963,-0.0045469576719576,101.19565217391306,defined_near_floor_may_be_unstable
0.15,random_kfold,13,2218,174,76,0.8774167561761547,0.8939983888292159,0.3774167561761546,0.3939983888292159,-0.0165816326530612,104.39345428673073,defined_near_floor_may_be_unstable
0.2,spatial_block,468_133,1959,433,79,0.6100979761138525,0.7373417721518987,0.1100979761138525,0.2373417721518986,-0.1272437960380461,215.57323806430654,defined_near_floor_may_be_unstable
0.2,spatial_block,470_133,1963,429,287,0.7152426755655886,0.7421480100112872,0.2152426755655886,0.2421480100112871,-0.0269053344456985,112.49999999999996,defined_near_floor_may_be_unstable
0.2,spatial_block,469_133,2071,321,35,0.4801198801198801,0.6216283716283716,-0.0198801198801198,0.1216283716283715,-0.1415084915084914,,undefined_model_skill_at_or_below_zero
0.2,spatial_block,470_131,2092,300,252,0.6482308201058201,0.591683201058201,0.1482308201058201,0.091683201058201,0.056547619047619,61.85164528722808,defined_near_floor_may_be_unstable
0.2,spatial_block,470_132,2094,298,249,0.8134579132857962,0.8585361855585607,0.3134579132857962,0.3585361855585607,-0.0450782722727645,114.38096483200418,defined_near_floor_may_be_unstable
0.2,spatial_block,469_132,2166,226,56,0.7977941176470588,0.8465861344537816,0.2977941176470587,0.3465861344537816,-0.0487920168067228,116.38447971781312,defined_near_floor_may_be_unstable
0.2,spatial_block,471_133,2298,94,75,0.4940350877192982,0.5270175438596492,-0.0059649122807017,0.0270175438596491,-0.0329824561403508,,undefined_model_skill_at_or_below_zero
0.2,spatial_block,467_133,2307,85,9,0.6169590643274854,0.8362573099415205,0.1169590643274853,0.3362573099415205,-0.2192982456140351,287.5000000000002,defined_near_floor_may_be_unstable
0.2,spatial_block,471_132,2333,59,56,0.4940476190476191,0.5,-0.0059523809523808,0.0,-0.0059523809523808,,undefined_model_skill_at_or_below_zero
0.2,spatial_block,469_131,2338,54,42,0.6567460317460317,0.7420634920634921,0.1567460317460317,0.2420634920634921,-0.0853174603174603,154.4303797468355,defined_near_floor_may_be_unstable
0.2,random_kfold,0,2162,230,111,0.8991596638655462,0.939965175259293,0.3991596638655462,0.439965175259293,-0.0408055113937467,110.22285443338077,defined_near_floor_may_be_unstable
0.2,random_kfold,1,2128,264,126,0.9057395905221992,0.9244593972854842,0.4057395905221992,0.4244593972854842,-0.0187198067632849,104.61374911410347,defined_near_floor_may_be_unstable
0.2,random_kfold,2,2170,222,109,0.904035073475684,0.9037509133717626,0.404035073475684,0.4037509133717626,0.0002841601039214,99.92966944639807,defined_near_floor_may_be_unstable
0.2,random_kfold,3,2167,225,109,0.8973426130971212,0.911618158810503,0.3973426130971211,0.411618158810503,-0.0142755457133818,103.59275477707008,defined_near_floor_may_be_unstable
0.2,random_kfold,4,2135,257,121,0.916504618376276,0.9351908118619348,0.416504618376276,0.4351908118619347,-0.0186861934856586,104.48643128100379,defined_near_floor_may_be_unstable
0.2,random_kfold,5,2152,240,131,0.9231038588136424,0.9498214160655508,0.4231038588136424,0.4498214160655507,-0.0267175572519082,106.31465695605394,defined_near_floor_may_be_unstable
0.2,random_kfold,6,2167,225,123,0.9079387852702056,0.9104096923322176,0.4079387852702056,0.4104096923322174,-0.0024709070620118,100.60570535365378,defined_near_floor_may_be_unstable
0.2,random_kfold,7,2139,253,135,0.8804143126177024,0.9066541117388576,0.3804143126177024,0.4066541117388574,-0.026239799121155,106.89768976897689,defined_near_floor_may_be_unstable
0.2,random_kfold,8,2160,232,111,0.9051448142357232,0.8995979450524905,0.4051448142357232,0.3995979450524904,0.0055468691832327,98.63089221721954,defined_near_floor_may_be_unstable
0.2,random_kfold,9,2148,244,109,0.8623173632347945,0.8801902820251444,0.3623173632347944,0.3801902820251444,-0.0178729187903499,104.93294570008439,defined_near_floor_may_be_unstable
