target,regime,fold,model,n_train,n_test,r2,rmse
specific_conductance,authors_holdout,authors_holdout,idw_k8,3498,873,0.6951914065292266,0.48757251235962834
specific_conductance,authors_holdout,authors_holdout,published_mPred,3498,873,0.7361924573367458,0.4535959982547193
specific_conductance,authors_holdout,authors_holdout,xgboost,3498,873,0.734466267521184,0.4550776012932016
specific_conductance,authors_holdout,authors_holdout,ridge,3498,873,0.5435647449846437,0.5966438949247087
specific_conductance,authors_holdout,authors_holdout,histgbm,3498,873,0.7343992429851268,0.45513503173774233
specific_conductance,random_kfold,random_0,idw_k8,4162,209,0.7064964452503943,0.5164775307321421
specific_conductance,random_kfold,random_0,xgboost,4162,209,0.7967869997422408,0.4297545599617607
specific_conductance,random_kfold,random_0,ridge,4162,209,0.5908902331113444,0.6097680620125174
specific_conductance,random_kfold,random_0,histgbm,4162,209,0.7897652031823841,0.4371163480748293
specific_conductance,random_kfold,random_1,idw_k8,4162,209,0.659415777942634,0.5580146419625408
specific_conductance,random_kfold,random_1,xgboost,4162,209,0.7136724572781143,0.5116404771973398
specific_conductance,random_kfold,random_1,ridge,4162,209,0.5740368687818775,0.6240499283575593
specific_conductance,random_kfold,random_1,histgbm,4162,209,0.7252970115685136,0.5011468723396749
specific_conductance,random_kfold,random_2,idw_k8,4162,209,0.7018789560604236,0.49811405184015894
specific_conductance,random_kfold,random_2,xgboost,4162,209,0.786125481391866,0.42190240325800643
specific_conductance,random_kfold,random_2,ridge,4162,209,0.6002670144622337,0.5767896654185231
specific_conductance,random_kfold,random_2,histgbm,4162,209,0.7765688712683272,0.43122538288243634
specific_conductance,random_kfold,random_3,idw_k8,4163,208,0.6808696512061816,0.4403900913812476
specific_conductance,random_kfold,random_3,xgboost,4163,208,0.7201355681012594,0.41240824489341155
specific_conductance,random_kfold,random_3,ridge,4163,208,0.5206343864800274,0.5397428826787806
specific_conductance,random_kfold,random_3,histgbm,4163,208,0.7145684406518922,0.41648990619507265
specific_conductance,random_kfold,random_4,idw_k8,4163,208,0.6971103807304727,0.45844272296181177
specific_conductance,random_kfold,random_4,xgboost,4163,208,0.7909372084384896,0.38087394240632294
specific_conductance,random_kfold,random_4,ridge,4163,208,0.5821969153819593,0.5384293305720954
specific_conductance,random_kfold,random_4,histgbm,4163,208,0.7960345190689226,0.3762021087656425
specific_conductance,random_kfold,random_5,idw_k8,4163,208,0.564759154204477,0.5743088837860322
specific_conductance,random_kfold,random_5,xgboost,4163,208,0.6825587910702111,0.4904699041804701
specific_conductance,random_kfold,random_5,ridge,4163,208,0.41980150115943893,0.6630847072814802
specific_conductance,random_kfold,random_5,histgbm,4163,208,0.676963282833318,0.4947737560309116
specific_conductance,random_kfold,random_6,idw_k8,4163,208,0.6647228724745831,0.5043311179121447
specific_conductance,random_kfold,random_6,xgboost,4163,208,0.7145641682670412,0.4653374947141704
specific_conductance,random_kfold,random_6,ridge,4163,208,0.4849450367805922,0.625087177542508
specific_conductance,random_kfold,random_6,histgbm,4163,208,0.7006922386985597,0.4765108472489149
specific_conductance,random_kfold,random_7,idw_k8,4163,208,0.7987000216604402,0.3839953614094686
specific_conductance,random_kfold,random_7,xgboost,4163,208,0.8252520643984214,0.3577751241251214
specific_conductance,random_kfold,random_7,ridge,4163,208,0.627962520098424,0.5220324032466582
specific_conductance,random_kfold,random_7,histgbm,4163,208,0.8246460062799403,0.35839500223505544
specific_conductance,random_kfold,random_8,idw_k8,4163,208,0.7294049781611884,0.48370691023236784
specific_conductance,random_kfold,random_8,xgboost,4163,208,0.8046654324542484,0.4109717248750752
specific_conductance,random_kfold,random_8,ridge,4163,208,0.62707752527333,0.567847436117168
specific_conductance,random_kfold,random_8,histgbm,4163,208,0.7918697728365091,0.4242188571031146
specific_conductance,random_kfold,random_9,idw_k8,4163,208,0.7559015915739923,0.45547788991224386
specific_conductance,random_kfold,random_9,xgboost,4163,208,0.7756682689729001,0.4366466976347989
specific_conductance,random_kfold,random_9,ridge,4163,208,0.5684570245984767,0.6056153188479773
specific_conductance,random_kfold,random_9,histgbm,4163,208,0.7876090072806947,0.4248668761697356
specific_conductance,random_kfold,random_10,idw_k8,4163,208,0.5855552899519577,0.5792733394115195
specific_conductance,random_kfold,random_10,xgboost,4163,208,0.7053165269941526,0.4884590161376464
specific_conductance,random_kfold,random_10,ridge,4163,208,0.5355948172356827,0.6131952322853842
specific_conductance,random_kfold,random_10,histgbm,4163,208,0.704803675927004,0.48888387510208525
specific_conductance,random_kfold,random_11,idw_k8,4163,208,0.6879150984686947,0.49836201880462133
specific_conductance,random_kfold,random_11,xgboost,4163,208,0.7666128222101316,0.43097001358377546
specific_conductance,random_kfold,random_11,ridge,4163,208,0.5241377720478018,0.6153882136762131
specific_conductance,random_kfold,random_11,histgbm,4163,208,0.7572588594445788,0.4395216286877815
specific_conductance,random_kfold,random_12,idw_k8,4163,208,0.7196060108497315,0.44776272851625987
specific_conductance,random_kfold,random_12,xgboost,4163,208,0.7417497762971899,0.42971839390916744
specific_conductance,random_kfold,random_12,ridge,4163,208,0.5461086222657254,0.569691260484656
specific_conductance,random_kfold,random_12,histgbm,4163,208,0.7337113882160117,0.4363549304284477
specific_conductance,random_kfold,random_13,idw_k8,4163,208,0.7288316063311862,0.44531545834469666
specific_conductance,random_kfold,random_13,xgboost,4163,208,0.7462303616338192,0.4307924341345884
specific_conductance,random_kfold,random_13,ridge,4163,208,0.4657967032446252,0.6250309439432082
specific_conductance,random_kfold,random_13,histgbm,4163,208,0.7537319671259679,0.4243774096687011
specific_conductance,random_kfold,random_14,idw_k8,4163,208,0.7201673690648577,0.45912873120301606
specific_conductance,random_kfold,random_14,xgboost,4163,208,0.8116222682304217,0.37670386367605724
specific_conductance,random_kfold,random_14,ridge,4163,208,0.623771627644969,0.5323669238730142
specific_conductance,random_kfold,random_14,histgbm,4163,208,0.8132626148441526,0.3750601556474447
specific_conductance,random_kfold,random_15,idw_k8,4163,208,0.6596564678495773,0.5641664267966715
specific_conductance,random_kfold,random_15,xgboost,4163,208,0.7327613751573261,0.4999172253821875
specific_conductance,random_kfold,random_15,ridge,4163,208,0.5445114065793759,0.6526603656413505
specific_conductance,random_kfold,random_15,histgbm,4163,208,0.7581586679408439,0.475569233132153
specific_conductance,random_kfold,random_16,idw_k8,4163,208,0.6954265224366072,0.42795395967931926
specific_conductance,random_kfold,random_16,xgboost,4163,208,0.754236873923353,0.3844230050992687
specific_conductance,random_kfold,random_16,ridge,4163,208,0.4043409697363294,0.5984803188680364
specific_conductance,random_kfold,random_16,histgbm,4163,208,0.738536946407545,0.39651185139528633
specific_conductance,random_kfold,random_17,idw_k8,4163,208,0.6081903166835742,0.5256313075899185
specific_conductance,random_kfold,random_17,xgboost,4163,208,0.6752814027090135,0.47851683691348107
specific_conductance,random_kfold,random_17,ridge,4163,208,0.41056934917376053,0.6447034585849989
specific_conductance,random_kfold,random_17,histgbm,4163,208,0.6625906607024732,0.4877779811706751
specific_conductance,random_kfold,random_18,idw_k8,4163,208,0.7009619327394909,0.4611660171184141
specific_conductance,random_kfold,random_18,xgboost,4163,208,0.7659515416617045,0.4079875879360449
specific_conductance,random_kfold,random_18,ridge,4163,208,0.5032092990054089,0.5944027192169128
specific_conductance,random_kfold,random_18,histgbm,4163,208,0.7776672865569182,0.3976451983900034
specific_conductance,random_kfold,random_19,idw_k8,4163,208,0.6727841790363245,0.4815165243439529
specific_conductance,random_kfold,random_19,xgboost,4163,208,0.7725472441862014,0.40145756879177513
specific_conductance,random_kfold,random_19,ridge,4163,208,0.5739821663134637,0.5494243948047751
specific_conductance,random_kfold,random_19,histgbm,4163,208,0.7533482299520909,0.41805764221612535
specific_conductance,random_kfold,random_20,idw_k8,4163,208,0.7829522361386991,0.4314945754810304
specific_conductance,random_kfold,random_20,xgboost,4163,208,0.7999060943425351,0.4142996945512098
specific_conductance,random_kfold,random_20,ridge,4163,208,0.6400442940395487,0.5556767342463308
specific_conductance,random_kfold,random_20,histgbm,4163,208,0.7974527273123723,0.41683183698137044
specific_conductance,spatial_block,-183_69,idw_k8,4071,300,-1.2564567319023525,0.8465965333062794
specific_conductance,spatial_block,-183_69,xgboost,4071,300,-0.09473988664855604,0.5896827880402562
specific_conductance,spatial_block,-183_69,ridge,4071,300,0.15477100525217602,0.5181436426868447
specific_conductance,spatial_block,-183_69,histgbm,4071,300,-0.09299676832107573,0.5892131347548186
specific_conductance,spatial_block,-183_66,idw_k8,4165,206,-0.15734723638726456,0.7270453537764405
specific_conductance,spatial_block,-183_66,xgboost,4165,206,0.19957691079875028,0.6046296882462665
specific_conductance,spatial_block,-183_66,ridge,4165,206,0.09688555573820534,0.6422454824421212
specific_conductance,spatial_block,-183_66,histgbm,4165,206,0.15291084813051092,0.6220054986538008
specific_conductance,spatial_block,-182_66,idw_k8,4186,185,-0.11559704920343061,0.48467262950267737
specific_conductance,spatial_block,-182_66,xgboost,4186,185,0.2594076743558943,0.39489753255356036
specific_conductance,spatial_block,-182_66,ridge,4186,185,-0.17775389943448117,0.49799168554863676
specific_conductance,spatial_block,-182_66,histgbm,4186,185,0.24623390748623186,0.3983942989834463
specific_conductance,spatial_block,-183_67,idw_k8,4201,170,-0.41705005725777733,0.6566871994604234
specific_conductance,spatial_block,-183_67,xgboost,4201,170,0.12200436291910588,0.5169066671098885
specific_conductance,spatial_block,-183_67,ridge,4201,170,0.1398369480724887,0.5116304061663969
specific_conductance,spatial_block,-183_67,histgbm,4201,170,0.16362166597228678,0.504507169015942
specific_conductance,spatial_block,-184_69,idw_k8,4205,166,0.06762084830934578,0.445170831632426
specific_conductance,spatial_block,-184_69,xgboost,4205,166,0.1072151482405419,0.43561600745894086
specific_conductance,spatial_block,-184_69,ridge,4205,166,-0.4265723923303735,0.5506521400772968
specific_conductance,spatial_block,-184_69,histgbm,4205,166,0.09538744685062706,0.4384920550828817
specific_conductance,spatial_block,-182_67,idw_k8,4244,127,-0.17901289107809548,0.29566180960112876
specific_conductance,spatial_block,-182_67,xgboost,4244,127,-0.028334840891819146,0.2761234106054219
specific_conductance,spatial_block,-182_67,ridge,4244,127,-0.24266471411382762,0.30353790837828665
specific_conductance,spatial_block,-182_67,histgbm,4244,127,-0.12525795792004546,0.2888431019755535
specific_conductance,spatial_block,-184_64,idw_k8,4246,125,-0.43816152764648253,1.1477628094697863
specific_conductance,spatial_block,-184_64,xgboost,4246,125,-0.1586863421080793,1.0302230415047664
specific_conductance,spatial_block,-184_64,ridge,4246,125,-0.18071468633645438,1.0399699670108842
specific_conductance,spatial_block,-184_64,histgbm,4246,125,-0.07615104783484017,0.9928529520532405
specific_conductance,spatial_block,-180_70,idw_k8,4249,122,0.22990643951261536,0.5400231133739863
specific_conductance,spatial_block,-180_70,xgboost,4249,122,0.14820178695255282,0.5679485102856052
specific_conductance,spatial_block,-180_70,ridge,4249,122,-0.03416489565539638,0.6257999127695751
specific_conductance,spatial_block,-180_70,histgbm,4249,122,0.11423582891433326,0.5791614636954125
specific_conductance,spatial_block,-181_70,idw_k8,4252,119,-0.37777212208448385,0.7571386017244973
specific_conductance,spatial_block,-181_70,xgboost,4252,119,0.47264423249117316,0.46842335708893107
specific_conductance,spatial_block,-181_70,ridge,4252,119,0.37942530794020235,0.5081403968489144
specific_conductance,spatial_block,-181_70,histgbm,4252,119,0.4429775596933263,0.4814187911230529
specific_conductance,spatial_block,-187_65,idw_k8,4262,109,0.23751999791675327,0.6579227575132711
specific_conductance,spatial_block,-187_65,xgboost,4262,109,0.26974807513244536,0.6438682874152519
specific_conductance,spatial_block,-187_65,ridge,4262,109,0.15286685530640398,0.693484114290184
specific_conductance,spatial_block,-187_65,histgbm,4262,109,0.3145272378591055,0.6238149537517079
specific_conductance,spatial_block,-181_67,idw_k8,4269,102,0.2567787013803795,0.27912817781049104
specific_conductance,spatial_block,-181_67,xgboost,4269,102,0.3403438431892779,0.26296831110533775
specific_conductance,spatial_block,-181_67,ridge,4269,102,-0.22006789925507264,0.3576321943210132
specific_conductance,spatial_block,-181_67,histgbm,4269,102,0.28230118433339846,0.27429362990641865
specific_conductance,spatial_block,-183_70,idw_k8,4271,100,-1.2222036709567505,0.7672392291607281
specific_conductance,spatial_block,-183_70,xgboost,4271,100,0.18553655123741852,0.46448818282444365
specific_conductance,spatial_block,-183_70,ridge,4271,100,-0.2965502624088008,0.5860484864935471
specific_conductance,spatial_block,-183_70,histgbm,4271,100,0.08701162279028729,0.4917807153875334
specific_conductance,spatial_block,-182_68,idw_k8,4273,98,-0.41224791637629754,0.4417848548001373
specific_conductance,spatial_block,-182_68,xgboost,4273,98,-0.1185946521616228,0.3931802743673059
specific_conductance,spatial_block,-182_68,ridge,4273,98,-0.986554368636847,0.5239689837712526
specific_conductance,spatial_block,-182_68,histgbm,4273,98,-0.10616048706857839,0.39098889499124534
specific_conductance,spatial_block,-182_71,idw_k8,4275,96,-0.1916947069726993,0.4857419280491892
specific_conductance,spatial_block,-182_71,xgboost,4275,96,-0.0372922760557679,0.4531830512328237
specific_conductance,spatial_block,-182_71,ridge,4275,96,-0.16898675696749255,0.4810917203911643
specific_conductance,spatial_block,-182_71,histgbm,4275,96,-0.07703675791088638,0.46178343492371177
specific_conductance,spatial_block,-184_65,idw_k8,4275,96,0.13154770484104428,0.6868857145807219
specific_conductance,spatial_block,-184_65,xgboost,4275,96,0.14433442051884104,0.6818102591314161
specific_conductance,spatial_block,-184_65,ridge,4275,96,0.04551398424817332,0.7201057613600104
specific_conductance,spatial_block,-184_65,histgbm,4275,96,0.07443635626725409,0.7091116887937967
specific_conductance,spatial_block,-186_65,idw_k8,4276,95,0.1418273629421405,0.5791600584119181
specific_conductance,spatial_block,-186_65,xgboost,4276,95,0.289120600172987,0.5271196867081884
specific_conductance,spatial_block,-186_65,ridge,4276,95,0.24743154435676273,0.5423557852962201
specific_conductance,spatial_block,-186_65,histgbm,4276,95,0.32279408041523017,0.5144837293327562
specific_conductance,spatial_block,-186_64,idw_k8,4277,94,0.025479952549676055,1.005743420086693
specific_conductance,spatial_block,-186_64,xgboost,4277,94,0.4741766451879612,0.7387742453581597
specific_conductance,spatial_block,-186_64,ridge,4277,94,0.18625691958787793,0.9190422252038531
specific_conductance,spatial_block,-186_64,histgbm,4277,94,0.46176879653089997,0.7474398472817667
specific_conductance,spatial_block,-182_70,idw_k8,4279,92,0.07791961513018264,0.36650652855070287
specific_conductance,spatial_block,-182_70,xgboost,4279,92,-0.056486687634058175,0.3923099633362431
specific_conductance,spatial_block,-182_70,ridge,4279,92,-1.0875806658560432,0.5514662725715832
specific_conductance,spatial_block,-182_70,histgbm,4279,92,-0.10114924515138068,0.4005165034278552
specific_conductance,spatial_block,-182_72,idw_k8,4284,87,-0.45982797491377236,0.4916155232500814
specific_conductance,spatial_block,-182_72,xgboost,4284,87,-0.351808105069668,0.4730774746249212
specific_conductance,spatial_block,-182_72,ridge,4284,87,-0.15806138991631946,0.4378653084999461
specific_conductance,spatial_block,-182_72,histgbm,4284,87,-0.17121898414340952,0.4403457391338343
specific_conductance,spatial_block,-184_68,idw_k8,4286,85,-0.30781953383088956,0.711516039044317
specific_conductance,spatial_block,-184_68,xgboost,4286,85,0.3842907173117661,0.48820096683572506
specific_conductance,spatial_block,-184_68,ridge,4286,85,0.07820675906441588,0.5973481791476408
specific_conductance,spatial_block,-184_68,histgbm,4286,85,0.38705141922865083,0.4871052455578113
specific_conductance,spatial_block,-183_71,idw_k8,4290,81,0.03885232094788171,0.4692208807835156
specific_conductance,spatial_block,-183_71,xgboost,4290,81,0.10171863832327299,0.4536161037195703
specific_conductance,spatial_block,-183_71,ridge,4290,81,-0.07744711165645657,0.49679847066964566
specific_conductance,spatial_block,-183_71,histgbm,4290,81,-0.033533126109737355,0.48656903821493774
chloride,authors_holdout,authors_holdout,idw_k8,4617,1153,0.649854960127739,0.9290243898801671
chloride,authors_holdout,authors_holdout,published_mPred,4617,1153,0.7359285926285501,0.8067961488925937
chloride,authors_holdout,authors_holdout,xgboost,4617,1153,0.7317448419603775,0.8131621719429596
chloride,authors_holdout,authors_holdout,ridge,4617,1153,0.4760959078202379,1.1363942349963834
chloride,authors_holdout,authors_holdout,histgbm,4617,1153,0.7283075477856022,0.8183553261526808
chloride,random_kfold,random_0,idw_k8,5495,275,0.6736548079265002,0.9711958328562444
chloride,random_kfold,random_0,xgboost,5495,275,0.7151424058643656,0.9073651646041706
chloride,random_kfold,random_0,ridge,5495,275,0.4364652247922757,1.2762288604389957
chloride,random_kfold,random_0,histgbm,5495,275,0.7096027619327446,0.9161454766468399
chloride,random_kfold,random_1,idw_k8,5495,275,0.6830120332076126,0.9732556082091322
chloride,random_kfold,random_1,xgboost,5495,275,0.7515690360189624,0.8616053541950132
chloride,random_kfold,random_1,ridge,5495,275,0.4947921656717239,1.228685024775244
chloride,random_kfold,random_1,histgbm,5495,275,0.749595648835516,0.8650206245303477
chloride,random_kfold,random_2,idw_k8,5495,275,0.6761775661821858,0.918595300417908
chloride,random_kfold,random_2,xgboost,5495,275,0.7423051703425936,0.8194521620949892
chloride,random_kfold,random_2,ridge,5495,275,0.45970970967829283,1.1865453298820023
chloride,random_kfold,random_2,histgbm,5495,275,0.7652953075326501,0.7820448118196855
chloride,random_kfold,random_3,idw_k8,5495,275,0.6942191113617082,0.8513289646982501
chloride,random_kfold,random_3,xgboost,5495,275,0.761942003214848,0.7511620314369142
chloride,random_kfold,random_3,ridge,5495,275,0.4915226139328278,1.0978122229400027
chloride,random_kfold,random_3,histgbm,5495,275,0.7797447474517509,0.7225291571457311
chloride,random_kfold,random_4,idw_k8,5495,275,0.6404021610967149,0.9273918211362485
chloride,random_kfold,random_4,xgboost,5495,275,0.707811477582063,0.8359615470612003
chloride,random_kfold,random_4,ridge,5495,275,0.46436691971938915,1.131848814591817
chloride,random_kfold,random_4,histgbm,5495,275,0.6989205715520478,0.8485848352310952
chloride,random_kfold,random_5,idw_k8,5495,275,0.7192557426863481,0.8638241628028288
chloride,random_kfold,random_5,xgboost,5495,275,0.7454595913331967,0.822523425884043
chloride,random_kfold,random_5,ridge,5495,275,0.5440645463161085,1.100833378539014
chloride,random_kfold,random_5,histgbm,5495,275,0.7451603251932175,0.8230068090591048
chloride,random_kfold,random_6,idw_k8,5495,275,0.5568701885395724,1.0443200276697926
chloride,random_kfold,random_6,xgboost,5495,275,0.7337583172159203,0.8094800458472557
chloride,random_kfold,random_6,ridge,5495,275,0.5066179975340329,1.1019446341350951
chloride,random_kfold,random_6,histgbm,5495,275,0.7275776810180059,0.8188219299889556
chloride,random_kfold,random_7,idw_k8,5495,275,0.5813380822711592,1.04653864862231
chloride,random_kfold,random_7,xgboost,5495,275,0.7059293889322575,0.8771004911918506
chloride,random_kfold,random_7,ridge,5495,275,0.4051757596938218,1.24743484600056
chloride,random_kfold,random_7,histgbm,5495,275,0.7093546251990478,0.8719774428103808
chloride,random_kfold,random_8,idw_k8,5495,275,0.7383783090072329,0.8217720823014165
chloride,random_kfold,random_8,xgboost,5495,275,0.7794602616445415,0.7544977280860397
chloride,random_kfold,random_8,ridge,5495,275,0.5529708946984699,1.0741932251694484
chloride,random_kfold,random_8,histgbm,5495,275,0.7704914807644188,0.7696865799118704
chloride,random_kfold,random_9,idw_k8,5495,275,0.7016607099882908,0.8334663922146409
chloride,random_kfold,random_9,xgboost,5495,275,0.7452065887955757,0.7702415866002489
chloride,random_kfold,random_9,ridge,5495,275,0.5046665539435422,1.0739441418075533
chloride,random_kfold,random_9,histgbm,5495,275,0.7507967598008244,0.7617451696724535
chloride,random_kfold,random_10,idw_k8,5495,275,0.7170250588734954,0.8888808559128362
chloride,random_kfold,random_10,xgboost,5495,275,0.7999046609040079,0.747460160740275
chloride,random_kfold,random_10,ridge,5495,275,0.5462268618611565,1.125612624648015
chloride,random_kfold,random_10,histgbm,5495,275,0.8003599723689032,0.7466092638524411
chloride,random_kfold,random_11,idw_k8,5495,275,0.7122007003788114,0.8786083754723717
chloride,random_kfold,random_11,xgboost,5495,275,0.7544857357241388,0.8115005851700263
chloride,random_kfold,random_11,ridge,5495,275,0.49899484552533246,1.1592352257197376
chloride,random_kfold,random_11,histgbm,5495,275,0.7702401594058925,0.7850323128745612
chloride,random_kfold,random_12,idw_k8,5495,275,0.7562221646979591,0.8404915950945423
chloride,random_kfold,random_12,xgboost,5495,275,0.8318941783208024,0.6979553548634468
chloride,random_kfold,random_12,ridge,5495,275,0.5585526497686616,1.1310341652153908
chloride,random_kfold,random_12,histgbm,5495,275,0.8319539226490307,0.6978313181734418
chloride,random_kfold,random_13,idw_k8,5495,275,0.6465353711279025,0.9001448751133267
chloride,random_kfold,random_13,xgboost,5495,275,0.7145406121715471,0.8089312219243351
chloride,random_kfold,random_13,ridge,5495,275,0.4119216765016097,1.1610662971602213
chloride,random_kfold,random_13,histgbm,5495,275,0.7155070165526364,0.8075607687572371
chloride,random_kfold,random_14,idw_k8,5495,275,0.6818464971302989,0.9574825206360629
chloride,random_kfold,random_14,xgboost,5495,275,0.7320259884380598,0.8787368493377585
chloride,random_kfold,random_14,ridge,5495,275,0.45956631816739657,1.2479112613056664
chloride,random_kfold,random_14,histgbm,5495,275,0.7179211533831319,0.9015664863279649
chloride,random_kfold,random_15,idw_k8,5495,275,0.6640583974557079,0.9789620391574285
chloride,random_kfold,random_15,xgboost,5495,275,0.7113799397102958,0.9073967373804949
chloride,random_kfold,random_15,ridge,5495,275,0.4842724494139906,1.2129534191601703
chloride,random_kfold,random_15,histgbm,5495,275,0.7218121338194932,0.8908468496189624
chloride,random_kfold,random_16,idw_k8,5496,274,0.6300957874016705,0.9655761866063984
chloride,random_kfold,random_16,xgboost,5496,274,0.701780927630525,0.8669810706614043
chloride,random_kfold,random_16,ridge,5496,274,0.43254480909495485,1.1959353260449264
chloride,random_kfold,random_16,histgbm,5496,274,0.7128340613248015,0.8507625629653066
chloride,random_kfold,random_17,idw_k8,5496,274,0.6907504838538162,0.9192079330602236
chloride,random_kfold,random_17,xgboost,5496,274,0.754708670384504,0.8186539244312342
chloride,random_kfold,random_17,ridge,5496,274,0.5309093692785436,1.1321073989800472
chloride,random_kfold,random_17,histgbm,5496,274,0.7543168109642016,0.8193075741840804
chloride,random_kfold,random_18,idw_k8,5496,274,0.6237464105246964,0.906109906791385
chloride,random_kfold,random_18,xgboost,5496,274,0.7504477866408507,0.7379403635762515
chloride,random_kfold,random_18,ridge,5496,274,0.3503077767074726,1.1906781581656838
chloride,random_kfold,random_18,histgbm,5496,274,0.7540550661281171,0.73258748187944
chloride,random_kfold,random_19,idw_k8,5496,274,0.629681939212867,0.9760742276094102
chloride,random_kfold,random_19,xgboost,5496,274,0.7181618294933763,0.8515208855225744
chloride,random_kfold,random_19,ridge,5496,274,0.42757912523672725,1.2135373024710185
chloride,random_kfold,random_19,histgbm,5496,274,0.7363251915967993,0.8236253754625117
chloride,random_kfold,random_20,idw_k8,5496,274,0.6446722336737685,0.9762480604310027
chloride,random_kfold,random_20,xgboost,5496,274,0.7559119023970704,0.8091311340023172
chloride,random_kfold,random_20,ridge,5496,274,0.46960406902232577,1.1927397771615682
chloride,random_kfold,random_20,histgbm,5496,274,0.7535020571536173,0.8131155390704284
chloride,spatial_block,-184_64,idw_k8,5402,368,-1.3984360911782527,2.175014931573749
chloride,spatial_block,-184_64,xgboost,5402,368,-0.9279224462199693,1.9500374288340687
chloride,spatial_block,-184_64,ridge,5402,368,-0.13466295497141378,1.4960000409135887
chloride,spatial_block,-184_64,histgbm,5402,368,-1.2236365841074064,2.0942574675297068
chloride,spatial_block,-183_69,idw_k8,5464,306,-2.1304554594188656,2.3488185248072417
chloride,spatial_block,-183_69,xgboost,5464,306,-0.7944982441138002,1.7783499123290243
chloride,spatial_block,-183_69,ridge,5464,306,0.016168220395795574,1.3167584756249728
chloride,spatial_block,-183_69,histgbm,5464,306,-0.9057420203867224,1.8326425004655114
chloride,spatial_block,-185_65,idw_k8,5505,265,0.4222847293784755,0.8428020701811099
chloride,spatial_block,-185_65,xgboost,5505,265,0.4743240085069359,0.8039475967430888
chloride,spatial_block,-185_65,ridge,5505,265,-0.11704263346885257,1.1719350533466295
chloride,spatial_block,-185_65,histgbm,5505,265,0.5432004753393219,0.7494307206339963
chloride,spatial_block,-187_65,idw_k8,5537,233,-0.037385997772484414,0.9663113684162836
chloride,spatial_block,-187_65,xgboost,5537,233,0.03250950774035455,0.9331903753493171
chloride,spatial_block,-187_65,ridge,5537,233,0.08950122115125203,0.9052876211358141
chloride,spatial_block,-187_65,histgbm,5537,233,0.14294830775137624,0.8783152157417455
chloride,spatial_block,-184_65,idw_k8,5545,225,-0.19879256840485304,1.5810570044792083
chloride,spatial_block,-184_65,xgboost,5545,225,0.37048763599986423,1.1457177454816934
chloride,spatial_block,-184_65,ridge,5545,225,0.08586553149940646,1.380640312597434
chloride,spatial_block,-184_65,histgbm,5545,225,0.39614455069393006,1.1221269747268299
chloride,spatial_block,-186_65,idw_k8,5552,218,0.2625230806030875,1.0380782380441824
chloride,spatial_block,-186_65,xgboost,5552,218,0.20898659446569479,1.0750973518577698
chloride,spatial_block,-186_65,ridge,5552,218,0.22901037863149976,1.061402573304384
chloride,spatial_block,-186_65,histgbm,5552,218,0.05539413179553665,1.1748466690461383
chloride,spatial_block,-186_64,idw_k8,5558,212,-0.18483194461625851,1.1311985123562733
chloride,spatial_block,-186_64,xgboost,5558,212,0.06011147677722606,1.0075082734874947
chloride,spatial_block,-186_64,ridge,5558,212,-0.27631532864538433,1.1740576981274966
chloride,spatial_block,-186_64,histgbm,5558,212,0.03219013920600322,1.0223638135040425
chloride,spatial_block,-185_64,idw_k8,5579,191,0.007214000808948073,1.1594010712118406
chloride,spatial_block,-185_64,xgboost,5579,191,0.1298887446651753,1.0854086257880493
chloride,spatial_block,-185_64,ridge,5579,191,0.13485137341654996,1.08230891734873
chloride,spatial_block,-185_64,histgbm,5579,191,0.17485235639270458,1.0569920169154137
chloride,spatial_block,-183_66,idw_k8,5591,179,-0.15340690427962844,1.7852789926899428
chloride,spatial_block,-183_66,xgboost,5591,179,0.4510330430986914,1.2316517365809514
chloride,spatial_block,-183_66,ridge,5591,179,0.09308736815672691,1.5830606244058203
chloride,spatial_block,-183_66,histgbm,5591,179,0.30575649128525006,1.3850668503673564
chloride,spatial_block,-184_69,idw_k8,5602,168,-0.3675627040592442,1.074634728955601
chloride,spatial_block,-184_69,xgboost,5602,168,-0.006335055883970986,0.9218463665425934
chloride,spatial_block,-184_69,ridge,5602,168,0.0852998560247995,0.8788740087730672
chloride,spatial_block,-184_69,histgbm,5602,168,-0.10065308010425733,0.964078669406466
chloride,spatial_block,-182_66,idw_k8,5611,159,0.02268353484693242,1.2230707967003909
chloride,spatial_block,-182_66,xgboost,5611,159,0.24823908270461326,1.0726890830602078
chloride,spatial_block,-182_66,ridge,5611,159,-0.8293130828752462,1.673316174628043
chloride,spatial_block,-182_66,histgbm,5611,159,0.17584145647141314,1.1231541635652451
chloride,spatial_block,-183_67,idw_k8,5619,151,-0.1747784980190028,1.2399026434932297
chloride,spatial_block,-183_67,xgboost,5619,151,0.006092061876245447,1.1404668628336538
chloride,spatial_block,-183_67,ridge,5619,151,-0.3251694956520843,1.3168772849746104
chloride,spatial_block,-183_67,histgbm,5619,151,0.00688744425426524,1.1400104378655405
chloride,spatial_block,-178_73,idw_k8,5634,136,-0.5862517502452251,0.9919010048706777
chloride,spatial_block,-178_73,xgboost,5634,136,-0.12373649743430204,0.8348616584840574
chloride,spatial_block,-178_73,ridge,5634,136,-0.6011703885996809,0.9965544849421386
chloride,spatial_block,-178_73,histgbm,5634,136,-0.20153399961626373,0.8632772683918574
chloride,spatial_block,-181_64,idw_k8,5666,104,-0.059451412272043314,1.1036788276397103
chloride,spatial_block,-181_64,xgboost,5666,104,-0.02696556093849578,1.0866260922803248
chloride,spatial_block,-181_64,ridge,5666,104,-1.2746909098488972,1.6171987064926523
chloride,spatial_block,-181_64,histgbm,5666,104,0.016160278770385395,1.0635658045392888
chloride,spatial_block,-182_68,idw_k8,5667,103,0.06806107901822267,1.4189732049652124
chloride,spatial_block,-182_68,xgboost,5667,103,0.16576684770698258,1.342530596191453
chloride,spatial_block,-182_68,ridge,5667,103,-0.22873723806086477,1.6293334732090143
chloride,spatial_block,-182_68,histgbm,5667,103,0.19959231129480248,1.3150313172882298
chloride,spatial_block,-181_70,idw_k8,5669,101,-0.20568506560497024,0.6898954244910133
chloride,spatial_block,-181_70,xgboost,5669,101,-0.10703295955006698,0.6610687071040818
chloride,spatial_block,-181_70,ridge,5669,101,-1.7401867261683108,1.0400552318446705
chloride,spatial_block,-181_70,histgbm,5669,101,-0.16412867889812643,0.6779018484421806
chloride,spatial_block,-182_67,idw_k8,5674,96,0.05662028574623834,1.2239475124379424
chloride,spatial_block,-182_67,xgboost,5674,96,0.39584680082862456,0.979474349443437
chloride,spatial_block,-182_67,ridge,5674,96,0.2565309952632311,1.0865531147547192
chloride,spatial_block,-182_67,histgbm,5674,96,0.2684856775158728,1.0777820447453879
chloride,spatial_block,-180_70,idw_k8,5674,96,-0.24501227532227876,0.8365369311141669
chloride,spatial_block,-180_70,xgboost,5674,96,0.07830464684730121,0.7197671158198075
chloride,spatial_block,-180_70,ridge,5674,96,-3.129816723270914,1.5235744862553144
chloride,spatial_block,-180_70,histgbm,5674,96,0.06913793796036849,0.7233374776791733
chloride,spatial_block,-180_64,idw_k8,5687,83,-0.32229463733002706,0.8103561294481508
chloride,spatial_block,-180_64,xgboost,5687,83,-0.18577638081019465,0.7673848145137937
chloride,spatial_block,-180_64,ridge,5687,83,-0.40505173088279434,0.8353297717760401
chloride,spatial_block,-180_64,histgbm,5687,83,-0.2888849714036077,0.8000532301913922
chloride,spatial_block,-183_70,idw_k8,5689,81,-0.4949407180967178,1.712537424601786
chloride,spatial_block,-183_70,xgboost,5689,81,0.03678258461405093,1.3746440247041791
chloride,spatial_block,-183_70,ridge,5689,81,-0.4154130180810376,1.6663632470625294
chloride,spatial_block,-183_70,histgbm,5689,81,0.03838679615292673,1.3734988321861954
chloride,spatial_block,-182_70,idw_k8,5689,81,0.24630714591077074,0.913662179659471
chloride,spatial_block,-182_70,xgboost,5689,81,0.24076200258308178,0.9170170629541827
chloride,spatial_block,-182_70,ridge,5689,81,0.24545560531101274,0.9141781728811488
chloride,spatial_block,-182_70,histgbm,5689,81,0.3745035794596733,0.832340186660881
