target,regime,model,n_folds,pooled_n_test,median_r2,weighted_mean_r2,median_rmse
chloride,authors_holdout,histgbm,1,1153,0.7283075477856022,0.7283075477856022,0.8183553261526808
chloride,authors_holdout,idw_k8,1,1153,0.649854960127739,0.649854960127739,0.9290243898801671
chloride,authors_holdout,published_mPred,1,1153,0.7359285926285501,0.7359285926285501,0.8067961488925937
chloride,authors_holdout,ridge,1,1153,0.4760959078202379,0.4760959078202379,1.1363942349963834
chloride,authors_holdout,xgboost,1,1153,0.7317448419603775,0.7317448419603775,0.8131621719429596
chloride,random_kfold,histgbm,21,5770,0.749595648835516,0.746449742952377,0.8188219299889556
chloride,random_kfold,idw_k8,21,5770,0.6761775661821858,0.6696320773327331,0.9192079330602236
chloride,random_kfold,ridge,21,5770,0.4842724494139906,0.47768941896088224,1.1610662971602213
chloride,random_kfold,xgboost,21,5770,0.7452065887955757,0.7435218836901761,0.8186539244312342
chloride,spatial_block,histgbm,21,3556,0.05539413179553665,-0.09050045099323271,1.0635658045392888
chloride,spatial_block,idw_k8,21,3556,-0.1747784980190028,-0.3839431559912979,1.1311985123562733
chloride,spatial_block,ridge,21,3556,-0.13466295497141378,-0.2545513754731435,1.1740576981274966
chloride,spatial_block,xgboost,21,3556,0.06011147677722606,-0.03531449386555404,1.0726890830602078
specific_conductance,authors_holdout,histgbm,1,873,0.7343992429851268,0.7343992429851268,0.45513503173774233
specific_conductance,authors_holdout,idw_k8,1,873,0.6951914065292266,0.6951914065292266,0.48757251235962834
specific_conductance,authors_holdout,published_mPred,1,873,0.7361924573367458,0.7361924573367458,0.4535959982547193
specific_conductance,authors_holdout,ridge,1,873,0.5435647449846437,0.5435647449846437,0.5966438949247087
specific_conductance,authors_holdout,xgboost,1,873,0.734466267521184,0.734466267521184,0.4550776012932016
specific_conductance,random_kfold,histgbm,21,4371,0.7572588594445788,0.7540323508878098,0.4248668761697356
specific_conductance,random_kfold,idw_k8,21,4371,0.6971103807304727,0.6914892742651283,0.4815165243439529
specific_conductance,random_kfold,ridge,21,4371,0.5461086222657254,0.5413816273682337,0.5984803188680364
specific_conductance,random_kfold,xgboost,21,4371,0.7659515416617045,0.7563197877488508,0.42971839390916744
specific_conductance,spatial_block,histgbm,21,2655,0.09538744685062706,0.10365628288795664,0.4871052455578113
specific_conductance,spatial_block,idw_k8,21,2655,-0.15734723638726456,-0.27914108575913094,0.5791600584119181
specific_conductance,spatial_block,ridge,21,2655,-0.07744711165645657,-0.09128179924510266,0.5423557852962201
specific_conductance,spatial_block,xgboost,21,2655,0.14433442051884104,0.11622397627848509,0.4730774746249212
