scope,dataset,horizon,model,metric,point,ci_lo,ci_hi,n_units,B
same_fold,gems,,ridge,median_gain_r2,0.03518234233108952,0.031240835143961587,0.04188110202874862,131,2000
same_fold,gems,,lasso,median_gain_r2,0.0351264753740409,0.03164003573310459,0.04184364062597856,131,2000
same_fold,gems,,elasticnet,median_gain_r2,0.03514562699739676,0.03128641926549547,0.041854341111930427,131,2000
same_fold,gems,,random_forest,median_gain_r2,0.04150607937235462,0.03478779698069712,0.04687237397595878,131,2000
same_fold,gems,,xgboost,median_gain_r2,0.033565184868355136,0.028810133168312713,0.04034665619336686,131,2000
same_fold,gems,,histgbm,median_gain_r2,0.037285490064152715,0.03264681500690003,0.04202945069981667,131,2000
same_fold,ncp,,ridge,median_gain_r2,0.03724722563964211,0.0212858554048736,0.06626653794741255,62,2000
same_fold,ncp,,lasso,median_gain_r2,0.03690323848806465,0.024052078808492514,0.06615673046232329,62,2000
same_fold,ncp,,elasticnet,median_gain_r2,0.03680493662615686,0.022033368128345998,0.06620915583584053,62,2000
same_fold,ncp,,random_forest,median_gain_r2,0.020305546888981535,0.008659629469501662,0.036955948275221084,62,2000
same_fold,ncp,,xgboost,median_gain_r2,0.00782980835980096,-0.011777888539900694,0.015681461527913942,62,2000
same_fold,ncp,,histgbm,median_gain_r2,0.006494958438259091,-0.004748461971652573,0.010567785409246133,62,2000
same_fold,grow,,ridge,median_gain_r2,0.03345030085834505,0.023375333940411636,0.0570979872304736,16,2000
same_fold,grow,,lasso,median_gain_r2,0.033432122862303515,0.0235155274042691,0.05587196777508474,16,2000
same_fold,grow,,elasticnet,median_gain_r2,0.03344292009371569,0.023541574793118025,0.05593500328280338,16,2000
same_fold,grow,,random_forest,median_gain_r2,0.05935161342307166,0.041610402145701775,0.09355626843404818,16,2000
same_fold,grow,,xgboost,median_gain_r2,0.0601935124972926,0.04439763887799486,0.0941567347315917,16,2000
same_fold,grow,,histgbm,median_gain_r2,0.06397631309141366,0.046592266963070283,0.09738806918549958,16,2000
rolling_h1,gems,1.0,ridge,median_gain_r2,0.022913901583846,0.0194462611538226,0.0257968884300304,3207,2000
rolling_h1,gems,1.0,ridge,median_rmse_skill,0.039156601155726,0.0339440577843228,0.0436980870280148,3207,2000
rolling_h1,gems,1.0,lasso,median_gain_r2,0.0225061916644868,0.0196072191815507,0.0255877455280978,3207,2000
rolling_h1,gems,1.0,lasso,median_rmse_skill,0.0382576822997745,0.0343046408451629,0.0427408709530028,3207,2000
rolling_h1,gems,1.0,elasticnet,median_gain_r2,0.0225510221766348,0.0197525508488761,0.0257279529686995,3207,2000
rolling_h1,gems,1.0,elasticnet,median_rmse_skill,0.0381230821380049,0.0343875968539508,0.0432488719061182,3207,2000
rolling_h1,gems,1.0,random_forest,median_gain_r2,0.0266218323845206,0.0233362124268114,0.029687221597318,3207,2000
rolling_h1,gems,1.0,random_forest,median_rmse_skill,0.0568110096626617,0.0521191798760785,0.0611520995774597,3207,2000
rolling_h1,gems,1.0,xgboost,median_gain_r2,0.029821902760129,0.0260434980184949,0.0334585886665531,3207,2000
rolling_h1,gems,1.0,xgboost,median_rmse_skill,0.0653504858119055,0.0593309672154101,0.0713124039994201,3207,2000
rolling_h1,gems,1.0,histgbm,median_gain_r2,0.037227196195502,0.0339695864972064,0.0402679347040886,3207,2000
rolling_h1,gems,1.0,histgbm,median_rmse_skill,0.0822025461267049,0.0769094434388166,0.0879274285878782,3207,2000
rolling_h1,ncp,1.0,ridge,median_gain_r2,-0.0048713830961346506,-0.01137432256383374,0.0024550216970638,640,2000
rolling_h1,ncp,1.0,ridge,median_rmse_skill,-0.01032399179457205,-0.0239805721264314,0.0032387172439327593,640,2000
rolling_h1,ncp,1.0,lasso,median_gain_r2,-0.005176441680513949,-0.01199331852320205,0.0019499908306318536,640,2000
rolling_h1,ncp,1.0,lasso,median_rmse_skill,-0.01081246609980575,-0.02395368584794815,0.0018803721462798,640,2000
rolling_h1,ncp,1.0,elasticnet,median_gain_r2,-0.00508737000796825,-0.01194744740179445,0.0018931616402186372,640,2000
rolling_h1,ncp,1.0,elasticnet,median_rmse_skill,-0.010836579998234449,-0.02334494979665685,0.0020552260249623185,640,2000
rolling_h1,ncp,1.0,random_forest,median_gain_r2,-0.0129035254582717,-0.022288202502744898,-0.006428991630956453,640,2000
rolling_h1,ncp,1.0,random_forest,median_rmse_skill,-0.033869506322304996,-0.0576114846666103,-0.0124483207808071,640,2000
rolling_h1,ncp,1.0,xgboost,median_gain_r2,-0.01348891153980745,-0.02468460698688455,-0.0066874594422892,640,2000
rolling_h1,ncp,1.0,xgboost,median_rmse_skill,-0.0314942115307147,-0.04598330416663016,-0.01728554507565155,640,2000
rolling_h1,ncp,1.0,histgbm,median_gain_r2,-0.0129281347261242,-0.0223429047514447,-0.005458970545259673,640,2000
rolling_h1,ncp,1.0,histgbm,median_rmse_skill,-0.02966025634519745,-0.0480122904275326,-0.0135566206874866,640,2000
rolling_h1,grow,1.0,ridge,median_gain_r2,-0.004999716916034401,-0.008634668712847945,-0.00012042799286252073,2990,2000
rolling_h1,grow,1.0,ridge,median_rmse_skill,-0.0082795230516631,-0.01797156410229545,0.00037079292604708965,2986,2000
rolling_h1,grow,1.0,lasso,median_gain_r2,-0.005233394799285,-0.00879685178960055,-2.3363571198475874e-05,2990,2000
rolling_h1,grow,1.0,lasso,median_rmse_skill,-0.00863785717273575,-0.0187374717122468,-0.00034635241964926447,2986,2000
rolling_h1,grow,1.0,elasticnet,median_gain_r2,-0.0053300925334531,-0.008805351733601724,-0.00021935029331428138,2990,2000
rolling_h1,grow,1.0,elasticnet,median_rmse_skill,-0.00871461403563505,-0.018297334922305484,0.00018888670650565995,2986,2000
rolling_h1,grow,1.0,random_forest,median_gain_r2,-0.0029853474043270503,-0.008428691290130963,0.0011029958802381001,2990,2000
rolling_h1,grow,1.0,random_forest,median_rmse_skill,-0.00496705710518945,-0.0163735086274601,0.0018453491728029,2986,2000
rolling_h1,grow,1.0,xgboost,median_gain_r2,0.00113285056517715,-0.0041280459662739,0.005346516174798,2990,2000
rolling_h1,grow,1.0,xgboost,median_rmse_skill,0.00211065292400305,-0.0084501078082989,0.011669595187466358,2986,2000
rolling_h1,grow,1.0,histgbm,median_gain_r2,0.0037793799999515,-0.0013876482180197112,0.0084146166022991,2990,2000
rolling_h1,grow,1.0,histgbm,median_rmse_skill,0.00761102086234715,-0.003029006064672496,0.01776302751511103,2986,2000
rolling_h6,gems,6.0,ridge,median_gain_r2,0.6042411698419186,0.5585553084775218,0.6560987870642794,3207,2000
rolling_h6,gems,6.0,ridge,median_rmse_skill,0.163570564419709,0.1530746473270547,0.1751252188866451,3207,2000
rolling_h6,gems,6.0,lasso,median_gain_r2,0.6040587890652009,0.5570197971325168,0.6589508922592552,3207,2000
rolling_h6,gems,6.0,lasso,median_rmse_skill,0.1633410877579398,0.1526206640007206,0.1756978756405725,3207,2000
rolling_h6,gems,6.0,elasticnet,median_gain_r2,0.6042095496045305,0.5615151786232339,0.6567129004769798,3207,2000
rolling_h6,gems,6.0,elasticnet,median_rmse_skill,0.1635036305521712,0.152778239059839,0.1753138503985396,3207,2000
rolling_h6,gems,6.0,random_forest,median_gain_r2,0.5463142116480886,0.4994864670795311,0.595202904194309,3207,2000
rolling_h6,gems,6.0,random_forest,median_rmse_skill,0.1494907130242744,0.13690430340404472,0.1588424086779877,3207,2000
rolling_h6,gems,6.0,xgboost,median_gain_r2,0.5397213770628304,0.4950135659852186,0.5998996836881747,3207,2000
rolling_h6,gems,6.0,xgboost,median_rmse_skill,0.1487752343402958,0.1385776583179037,0.1598344612200635,3207,2000
rolling_h6,gems,6.0,histgbm,median_gain_r2,0.5519443145798517,0.5063836228343406,0.6117747285887849,3207,2000
rolling_h6,gems,6.0,histgbm,median_rmse_skill,0.1529700337718549,0.1407008424421052,0.1635141986603876,3207,2000
rolling_h6,ncp,6.0,ridge,median_gain_r2,0.07692490419350409,0.00845918894014995,0.11343473609289195,640,2000
rolling_h6,ncp,6.0,ridge,median_rmse_skill,0.02445015050091865,-0.00046402628932587373,0.05160075570638372,640,2000
rolling_h6,ncp,6.0,lasso,median_gain_r2,0.07445791837289381,-0.00027454619851775006,0.112946306675398,640,2000
rolling_h6,ncp,6.0,lasso,median_rmse_skill,0.02386750484512385,0.0014007329582875,0.051532093504670196,640,2000
rolling_h6,ncp,6.0,elasticnet,median_gain_r2,0.0752925859225424,0.00048814793066435003,0.11260716755589942,640,2000
rolling_h6,ncp,6.0,elasticnet,median_rmse_skill,0.024153156605283048,0.00015204215450106008,0.05190145040364211,640,2000
rolling_h6,ncp,6.0,random_forest,median_gain_r2,0.013084934517198249,-0.06257995337143535,0.074287676635422,640,2000
rolling_h6,ncp,6.0,random_forest,median_rmse_skill,0.0048055199144990506,-0.0234103140152963,0.032873282602604435,640,2000
rolling_h6,ncp,6.0,xgboost,median_gain_r2,0.009468860427916899,-0.07016302376334235,0.06198707978881955,640,2000
rolling_h6,ncp,6.0,xgboost,median_rmse_skill,0.00434787167776445,-0.029774605340889024,0.02747010750015291,640,2000
rolling_h6,ncp,6.0,histgbm,median_gain_r2,0.02046994950929185,-0.0767940994934227,0.0694053607556075,640,2000
rolling_h6,ncp,6.0,histgbm,median_rmse_skill,0.0085688772237463,-0.029361123806509615,0.0308183504356491,640,2000
rolling_h6,grow,6.0,ridge,median_gain_r2,0.15439217081568274,0.07137315096754265,0.21034993642552247,2990,2000
rolling_h6,grow,6.0,ridge,median_rmse_skill,0.0555919742620936,0.03081289639631146,0.0784128504001896,2989,2000
rolling_h6,grow,6.0,lasso,median_gain_r2,0.15226863336929813,0.0701122606094905,0.21217704494189824,2990,2000
rolling_h6,grow,6.0,lasso,median_rmse_skill,0.0555022750850334,0.0297261268144438,0.0791556618289733,2989,2000
rolling_h6,grow,6.0,elasticnet,median_gain_r2,0.15285648059079124,0.07092255724736116,0.20673153637133307,2990,2000
rolling_h6,grow,6.0,elasticnet,median_rmse_skill,0.0555444164889014,0.030565717250915263,0.07980126581256652,2989,2000
rolling_h6,grow,6.0,random_forest,median_gain_r2,0.13847221629794132,0.07322690068322256,0.2010061561570137,2990,2000
rolling_h6,grow,6.0,random_forest,median_rmse_skill,0.0521762521393419,0.0327581245683528,0.0736254349338929,2989,2000
rolling_h6,grow,6.0,xgboost,median_gain_r2,0.15186336765820413,0.0836659169161475,0.20189059744127857,2990,2000
rolling_h6,grow,6.0,xgboost,median_rmse_skill,0.056746698496548,0.0336379885545767,0.0759348766138561,2989,2000
rolling_h6,grow,6.0,histgbm,median_gain_r2,0.1540262882936062,0.09010265670871673,0.20590758348961102,2990,2000
rolling_h6,grow,6.0,histgbm,median_rmse_skill,0.0602747381999289,0.03564269361661684,0.0746007724318537,2989,2000
