dataset,horizon,cutoff_quantile,cutoff_year_month,n_train_rows,n_test_rows,model,pooled_r2,perwell_median_r2,perwell_median_pers_r2,perwell_median_gain_vs_pers,wins_ge_persistence_n,perwell_n_wells
gems,1,0.7,201305,852129,368286,persistence,0.7862997536592913,0.7810940356517984,0.7810940356517984,0.0,3207,3207
gems,1,0.7,201305,852129,368286,ridge,0.7963029261889791,0.80036649138351,0.7810940356517984,0.019503903652979937,2002,3207
gems,1,0.7,201305,852129,368286,xgboost,0.7816045638086069,0.8069692456109527,0.7810940356517984,0.029639973406412223,2221,3207
gems,1,0.8,201607,973902,246513,persistence,0.7934940843865086,0.75851712958587,0.75851712958587,0.0,3207,3207
gems,1,0.8,201607,973902,246513,ridge,0.8041993698138433,0.7700155284097439,0.75851712958587,0.022913901583846097,1996,3207
gems,1,0.8,201607,973902,246513,xgboost,0.7727524988590185,0.7808926337640848,0.75851712958587,0.029821902760129082,2123,3207
gems,1,0.9,201909,1095624,124791,persistence,0.7841094737829104,0.679447315154314,0.679447315154314,0.0,3207,3207
gems,1,0.9,201909,1095624,124791,ridge,0.7950114810929545,0.6362904602647033,0.679447315154314,0.035008528523670646,2027,3207
gems,1,0.9,201909,1095624,124791,xgboost,0.7795384161270716,0.6672617881171725,0.679447315154314,0.04806597650973665,2080,3207
ncp,1,0.7,201205,100745,59210,persistence,0.9169207042352512,0.7141883566793268,0.7141883566793268,0.0,647,647
ncp,1,0.7,201205,100745,59210,ridge,0.9093066822785072,0.6462643458724653,0.7141883566793268,-0.0041567385739214036,302,647
ncp,1,0.7,201205,100745,59210,xgboost,0.35295666342377285,0.5038401825509775,0.7141883566793268,-0.03960199232631345,214,647
ncp,1,0.8,201507,124647,36258,persistence,0.8475146030398965,0.6041462436187518,0.6041462436187518,0.0,640,640
ncp,1,0.8,201507,124647,36258,ridge,0.8464371005380575,0.5258972840149239,0.6041462436187518,-0.004871383096134718,302,640
ncp,1,0.8,201507,124647,36258,xgboost,0.6742984120232018,0.45648067944070764,0.6041462436187518,-0.013488911539807524,258,640
ncp,1,0.9,201809,146918,13987,persistence,0.9124710277384143,0.6999420569721466,0.6999420569721466,0.0,348,348
ncp,1,0.9,201809,146918,13987,ridge,0.903144198864874,0.591343016941266,0.6999420569721466,-0.035355474389161534,96,348
ncp,1,0.9,201809,146918,13987,xgboost,0.8002836882395535,0.5732433633572597,0.6999420569721466,-0.026681450844639576,111,348
grow,1,0.7,199304,497563,389910,persistence,0.9421551164241896,0.7055424312650184,0.7055424312650184,0.0,1607,1607
grow,1,0.7,199304,497563,389910,ridge,0.9088867645354132,0.6963345854754489,0.7055424312650184,0.013301162592270432,909,1607
grow,1,0.7,199304,497563,389910,xgboost,0.09502416933954128,0.659509423581641,0.7055424312650184,0.00889872266457703,867,1607
grow,1,0.8,200401,772873,448955,persistence,-0.1866404898006735,0.7035367380732198,0.7035367380732198,0.0,2990,2990
grow,1,0.8,200401,772873,448955,ridge,-0.04169769824192682,0.6377938088070776,0.7035367380732198,-0.004999716916034458,1444,2990
grow,1,0.8,200401,772873,448955,xgboost,0.012338983729880959,0.5817922676824236,0.7035367380732198,0.0011328505651772014,1510,2990
grow,1,0.9,201410,1450663,529001,persistence,0.30565130940530527,0.661930754418031,0.661930754418031,0.0,6118,6118
grow,1,0.9,201410,1450663,529001,ridge,0.3593423317868961,0.6318917105993335,0.661930754418031,0.0165246304358021,3441,6118
grow,1,0.9,201410,1450663,529001,xgboost,0.0031250397752183856,0.5979310811549208,0.661930754418031,0.011661449580696037,3346,6118
