dataset,horizon,n_lags,model,n_train_rows,n_test_rows,pooled_r2,perwell_median_r2,perwell_median_pers_r2,perwell_median_gain_vs_pers,wins_ge_persistence_n,perwell_n_wells
gems,1,1,persistence,980316,246513,0.7934940843865086,0.75851712958587,0.75851712958587,0.0,3207,3207
gems,1,1,ridge,980316,246513,0.7960305168896341,0.7397899583571382,0.75851712958587,0.0003654512346084049,1616,3207
gems,1,1,xgboost,980316,246513,0.7511947244384102,0.7364486721848795,0.75851712958587,0.00021284108200025909,1612,3207
gems,1,3,persistence,973902,246513,0.7934940843865086,0.75851712958587,0.75851712958587,0.0,3207,3207
gems,1,3,ridge,973902,246513,0.8041993698138433,0.7700155284097439,0.75851712958587,0.022913901583846097,1996,3207
gems,1,3,xgboost,973902,246513,0.7727524988590185,0.7808926337640848,0.75851712958587,0.029821902760129082,2123,3207
gems,1,6,persistence,964281,246513,0.7934940843865086,0.75851712958587,0.75851712958587,0.0,3207,3207
gems,1,6,ridge,964281,246513,0.8045336815739101,0.7733789374386089,0.75851712958587,0.021681767586796408,2011,3207
gems,1,6,xgboost,964281,246513,0.7775582769932665,0.7945911165662924,0.75851712958587,0.031743923084468606,2313,3207
gems,1,12,persistence,945039,246513,0.7934940843865086,0.75851712958587,0.75851712958587,0.0,3207,3207
gems,1,12,ridge,945039,246513,0.8241844636009563,0.8054421804605612,0.75851712958587,0.039431291244419464,2203,3207
gems,1,12,xgboost,945039,246513,0.7855143495864303,0.8083446383243904,0.75851712958587,0.04255277497524246,2399,3207
ncp,1,1,persistence,126251,36258,0.8475146030398965,0.6041462436187518,0.6041462436187518,0.0,640,640
ncp,1,1,ridge,126251,36258,0.8455794875152617,0.52567572045804,0.6041462436187518,-0.004037095721147799,302,640
ncp,1,1,xgboost,126251,36258,0.6263357693767653,0.4019767745050743,0.6041462436187518,-0.016315194681054357,266,640
ncp,1,3,persistence,124647,36258,0.8475146030398965,0.6041462436187518,0.6041462436187518,0.0,640,640
ncp,1,3,ridge,124647,36258,0.8464371005380575,0.5258972840149239,0.6041462436187518,-0.004871383096134718,302,640
ncp,1,3,xgboost,124647,36258,0.6742984120232018,0.45648067944070764,0.6041462436187518,-0.013488911539807524,258,640
ncp,1,6,persistence,122241,36258,0.8475146030398965,0.6041462436187518,0.6041462436187518,0.0,640,640
ncp,1,6,ridge,122241,36258,0.8503325914389751,0.5617852345177818,0.6041462436187518,0.0008303847538831399,323,640
ncp,1,6,xgboost,122241,36258,0.6910892728658073,0.4978607005595026,0.6041462436187518,-0.006255079270475639,288,640
ncp,1,12,persistence,117429,36258,0.8475146030398965,0.6041462436187518,0.6041462436187518,0.0,640,640
ncp,1,12,ridge,117429,36258,0.8565608795714446,0.6233342365433314,0.6041462436187518,0.016869301303650275,358,640
ncp,1,12,xgboost,117429,36258,0.6760405714672597,0.5196486948113823,0.6041462436187518,-0.005059181179028427,311,640
grow,1,1,persistence,783780,453370,-0.16217587324566973,0.7019078891226298,0.7019078891226298,0.0,3033,3033
grow,1,1,ridge,783780,453370,0.01767526203399694,0.6388849551787298,0.7019078891226298,-0.0067107974976285956,1409,3033
grow,1,1,xgboost,783780,453370,0.011317287882319782,0.5181284531143884,0.7019078891226298,-0.015072064903034033,1335,3033
grow,1,3,persistence,772873,448955,-0.1866404898006735,0.7035367380732198,0.7035367380732198,0.0,2990,2990
grow,1,3,ridge,772873,448955,-0.04169769824192682,0.6377938088070776,0.7035367380732198,-0.004999716916034458,1444,2990
grow,1,3,xgboost,772873,448955,0.012338983729880959,0.5817922676824236,0.7035367380732198,0.0011328505651772014,1510,2990
grow,1,6,persistence,756674,445275,-0.2022148467943572,0.703933843945903,0.703933843945903,0.0,2968,2968
grow,1,6,ridge,756674,445275,-0.05855120870020425,0.6473519766613816,0.703933843945903,-0.0006719392847776562,1474,2968
grow,1,6,xgboost,756674,445275,0.011484086398658389,0.6015921148814607,0.703933843945903,0.004884922713660589,1548,2968
grow,1,12,persistence,724496,435603,-0.2044793137374883,0.7054259969274852,0.7054259969274852,0.0,2905,2905
grow,1,12,ridge,724496,435603,-0.002647044473719884,0.7164543449147345,0.7054259969274852,0.0239871771360477,1706,2905
grow,1,12,xgboost,724496,435603,0.011344108278976361,0.6525098791678708,0.7054259969274852,0.020313203143921488,1672,2905
