dataset,horizon,model,n_train_rows,n_test_rows,cutoff_year_month,n_lags,pooled_r2,perwell_median_r2,perwell_median_pers_r2,perwell_median_gain_vs_pers,wins_ge_persistence_n,perwell_n_wells
gems,1,persistence,973902,246513,201607,3,0.7934940843865086,0.75851712958587,0.75851712958587,0.0,3207,3207
gems,1,ridge,973902,246513,201607,3,0.8041993698138433,0.7700155284097439,0.75851712958587,0.022913901583846097,1996,3207
gems,1,lasso,973902,246513,201607,3,0.8039546003028779,0.7687825462507458,0.75851712958587,0.022506191664486863,1993,3207
gems,1,elasticnet,973902,246513,201607,3,0.8039630116407699,0.7690778412414494,0.75851712958587,0.02255102217663485,1994,3207
gems,1,random_forest,973902,246513,201607,3,0.7786897161170498,0.7793211885513447,0.75851712958587,0.02662183238452065,2107,3207
gems,1,xgboost,973902,246513,201607,3,0.7727524988590185,0.7808926337640848,0.75851712958587,0.029821902760129082,2123,3207
gems,1,histgbm,973902,246513,201607,3,0.7772326234540349,0.7920756010228994,0.75851712958587,0.03722719619550208,2262,3207
gems,3,persistence,967488,246513,201607,3,0.24150505874271277,-0.15832413658860678,-0.15832413658860678,0.0,3207,3207
gems,3,ridge,967488,246513,201607,3,0.30906033374972186,-0.06511113969460802,-0.15832413658860678,0.17389941390621855,1975,3207
gems,3,lasso,967488,246513,201607,3,0.3087766452300519,-0.06639072876109364,-0.15832413658860678,0.1723580328952352,1973,3207
gems,3,elasticnet,967488,246513,201607,3,0.3087717799640861,-0.0658610358910443,-0.15832413658860678,0.17284305678162248,1973,3207
gems,3,random_forest,967488,246513,201607,3,0.3038103083271828,-0.04061446401110658,-0.15832413658860678,0.1558957873224951,1965,3207
gems,3,xgboost,967488,246513,201607,3,0.3144255060342648,-0.021709405933042936,-0.15832413658860678,0.16533225732827672,1970,3207
gems,3,histgbm,967488,246513,201607,3,0.3248948237970368,-0.0028166318173370453,-0.15832413658860678,0.17678898930935238,1998,3207
gems,6,persistence,957867,246513,201607,3,-0.31863717268298397,-1.1716897759443468,-1.1716897759443468,0.0,3207,3207
gems,6,ridge,957867,246513,201607,3,-0.04316111717785742,-0.4743491795308479,-1.1716897759443468,0.6042411698419186,2163,3207
gems,6,lasso,957867,246513,201607,3,-0.044278029773334726,-0.4748351020859929,-1.1716897759443468,0.6040587890652009,2162,3207
gems,6,elasticnet,957867,246513,201607,3,-0.043857133242352964,-0.47495582193258246,-1.1716897759443468,0.6042095496045305,2162,3207
gems,6,random_forest,957867,246513,201607,3,-0.014042543050333256,-0.4262964947966936,-1.1716897759443468,0.5463142116480886,2132,3207
gems,6,xgboost,957867,246513,201607,3,-0.002380716151019646,-0.4117333221986623,-1.1716897759443468,0.5397213770628304,2144,3207
gems,6,histgbm,957867,246513,201607,3,0.014515582320808407,-0.38966757032368116,-1.1716897759443468,0.5519443145798517,2160,3207
gems,12,persistence,938625,246513,201607,3,0.07032137226372681,-0.4424444887306729,-0.4424444887306729,0.0,3207,3207
gems,12,ridge,938625,246513,201607,3,0.13290156444960544,-0.3112727334175758,-0.4424444887306729,0.21910484277488096,2062,3207
gems,12,lasso,938625,246513,201607,3,0.13320120876022334,-0.3100632818339075,-0.4424444887306729,0.21850135234292611,2061,3207
gems,12,elasticnet,938625,246513,201607,3,0.13301529507322107,-0.3109404308186008,-0.4424444887306729,0.2185382688752585,2062,3207
gems,12,random_forest,938625,246513,201607,3,0.12040411221279568,-0.2821578577749939,-0.4424444887306729,0.2179682865307062,2093,3207
gems,12,xgboost,938625,246513,201607,3,0.12305892104595495,-0.2797113953921555,-0.4424444887306729,0.21642562343430138,2092,3207
gems,12,histgbm,938625,246513,201607,3,0.12514934186890136,-0.28153822333865275,-0.4424444887306729,0.21336665247820719,2089,3207
ncp,1,persistence,124647,36258,201507,3,0.8475146030398965,0.6041462436187518,0.6041462436187518,0.0,640,640
ncp,1,ridge,124647,36258,201507,3,0.8464371005380575,0.5258972840149239,0.6041462436187518,-0.004871383096134718,302,640
ncp,1,lasso,124647,36258,201507,3,0.8461505923609036,0.5236447243637663,0.6041462436187518,-0.00517644168051401,300,640
ncp,1,elasticnet,124647,36258,201507,3,0.8462089334391568,0.5241472896449251,0.6041462436187518,-0.005087370007968273,300,640
ncp,1,random_forest,124647,36258,201507,3,0.6567545834147157,0.4242998711827303,0.6041462436187518,-0.01290352545827178,267,640
ncp,1,xgboost,124647,36258,201507,3,0.6742984120232018,0.45648067944070764,0.6041462436187518,-0.013488911539807524,258,640
ncp,1,histgbm,124647,36258,201507,3,0.6711343502144667,0.44740746623300964,0.6041462436187518,-0.012928134726124252,266,640
ncp,3,persistence,123043,36258,201507,3,0.6011786346063911,-0.2122052911695883,-0.2122052911695883,0.0,640,640
ncp,3,ridge,123043,36258,201507,3,0.6017109873190941,-0.32894438091171974,-0.2122052911695883,0.0050319216239576026,322,640
ncp,3,lasso,123043,36258,201507,3,0.601327156276313,-0.3286373596273222,-0.2122052911695883,0.004589905030307206,322,640
ncp,3,elasticnet,123043,36258,201507,3,0.6014354151963595,-0.3288853637016672,-0.2122052911695883,0.0042781902889198475,322,640
ncp,3,random_forest,123043,36258,201507,3,0.37684012325681127,-0.39799311994443487,-0.2122052911695883,-0.0221441880865757,302,640
ncp,3,xgboost,123043,36258,201507,3,0.37173396658860924,-0.36113319193010696,-0.2122052911695883,-0.01755982336564038,303,640
ncp,3,histgbm,123043,36258,201507,3,0.36796222624242825,-0.36954498739314934,-0.2122052911695883,-0.015687090278270976,302,640
ncp,6,persistence,120637,36258,201507,3,0.4306048394304637,-0.7182225882916746,-0.7182225882916746,0.0,640,640
ncp,6,ridge,120637,36258,201507,3,0.44258620952010985,-0.6360599487339057,-0.7182225882916746,0.07692490419350417,345,640
ncp,6,lasso,120637,36258,201507,3,0.4419033923190787,-0.6366538278421124,-0.7182225882916746,0.07445791837289384,345,640
ncp,6,elasticnet,120637,36258,201507,3,0.44214789758607986,-0.6364736476002105,-0.7182225882916746,0.0752925859225424,345,640
ncp,6,random_forest,120637,36258,201507,3,0.13196432344850706,-0.7348738908942325,-0.7182225882916746,0.01308493451719872,325,640
ncp,6,xgboost,120637,36258,201507,3,0.15096921780216233,-0.7368956429234267,-0.7182225882916746,0.009468860427916947,324,640
ncp,6,histgbm,120637,36258,201507,3,0.14668190434965123,-0.7363262746498929,-0.7182225882916746,0.02046994950929193,323,640
ncp,12,persistence,115825,36258,201507,3,0.4683377133855161,-0.27255992718250954,-0.27255992718250954,0.0,640,640
ncp,12,ridge,115825,36258,201507,3,0.4313240777718673,-0.4589743828767958,-0.27255992718250954,-0.005704084385650177,316,640
ncp,12,lasso,115825,36258,201507,3,0.43069857199639316,-0.4599474707679423,-0.27255992718250954,-0.006046235969603797,315,640
ncp,12,elasticnet,115825,36258,201507,3,0.4309217143010653,-0.4589102913013493,-0.27255992718250954,-0.006017254151090723,315,640
ncp,12,random_forest,115825,36258,201507,3,0.039838165309575735,-0.5966471791189061,-0.27255992718250954,-0.10649276548321213,288,640
ncp,12,xgboost,115825,36258,201507,3,0.033743031276882385,-0.6223910510094658,-0.27255992718250954,-0.09734920864574537,284,640
ncp,12,histgbm,115825,36258,201507,3,0.051501045936133694,-0.5975703734283195,-0.27255992718250954,-0.11267228164762644,285,640
grow,1,persistence,772873,448955,200401,3,-0.1866404898006735,0.7035367380732198,0.7035367380732198,0.0,2990,2990
grow,1,ridge,772873,448955,200401,3,-0.04169769824192682,0.6377938088070776,0.7035367380732198,-0.004999716916034458,1444,2990
grow,1,lasso,772873,448955,200401,3,-0.03811441941676885,0.6376444064978156,0.7035367380732198,-0.005233394799285029,1438,2990
grow,1,elasticnet,772873,448955,200401,3,-0.03928762347083681,0.6375287574104185,0.7035367380732198,-0.005330092533453179,1440,2990
grow,1,random_forest,772873,448955,200401,3,0.011938299613637793,0.5623421389340328,0.7035367380732198,-0.002985347404327099,1454,2990
grow,1,xgboost,772873,448955,200401,3,0.012338983729880959,0.5817922676824236,0.7035367380732198,0.0011328505651772014,1510,2990
grow,1,histgbm,772873,448955,200401,3,0.012470146818982175,0.5861701553647403,0.7035367380732198,0.0037793799999515376,1529,2990
grow,3,persistence,762069,448955,200401,3,-0.8613295947966051,-0.032680605129415286,-0.032680605129415286,0.0,2990,2990
grow,3,ridge,762069,448955,200401,3,-0.25722852423257847,-0.12724550086646302,-0.032680605129415286,0.007941480533049106,1510,2990
grow,3,lasso,762069,448955,200401,3,-0.25293750478119237,-0.12768792773990345,-0.032680605129415286,0.009329111688449687,1510,2990
grow,3,elasticnet,762069,448955,200401,3,-0.2543258159894404,-0.12748707477962917,-0.032680605129415286,0.008902228517896404,1510,2990
grow,3,random_forest,762069,448955,200401,3,0.008543933908729762,-0.10897563752272366,-0.032680605129415286,0.015254435391582721,1524,2990
grow,3,xgboost,762069,448955,200401,3,0.008134477916969418,-0.08273389957463673,-0.032680605129415286,0.023081843190210227,1529,2990
grow,3,histgbm,762069,448955,200401,3,0.008258970663386989,-0.07213205548456847,-0.032680605129415286,0.030980183970966413,1545,2990
grow,6,persistence,745914,448904,200401,3,-0.019032910991629626,-0.6176798767430042,-0.6176798767430042,0.0,2990,2990
grow,6,ridge,745914,448904,200401,3,0.026054869705833705,-0.318454706370643,-0.6176798767430042,0.1543921708156828,1608,2990
grow,6,lasso,745914,448904,200401,3,0.026120820789137134,-0.3180962817631845,-0.6176798767430042,0.1522686333692982,1607,2990
grow,6,elasticnet,745914,448904,200401,3,0.026093489103287903,-0.318138000239337,-0.6176798767430042,0.15285648059079132,1607,2990
grow,6,random_forest,745914,448904,200401,3,0.003401785223197562,-0.3472584722510986,-0.6176798767430042,0.13847221629794143,1609,2990
grow,6,xgboost,745914,448904,200401,3,0.004508018069209085,-0.31690175086340266,-0.6176798767430042,0.15186336765820418,1626,2990
grow,6,histgbm,745914,448904,200401,3,0.00493474098216784,-0.3007616423474134,-0.6176798767430042,0.1540262882936062,1632,2990
grow,12,persistence,713862,448544,200401,3,-0.020070636227082606,-0.12347909991037842,-0.12347909991037842,0.0,2990,2990
grow,12,ridge,713862,448544,200401,3,0.027678319082683478,-0.08345962741919843,-0.12347909991037842,0.08694108792280048,1679,2990
grow,12,lasso,713862,448544,200401,3,0.027909170854938603,-0.08281536931508882,-0.12347909991037842,0.08629523324945498,1679,2990
grow,12,elasticnet,713862,448544,200401,3,0.0278104476266523,-0.083076308797712,-0.12347909991037842,0.0863804618982198,1679,2990
grow,12,random_forest,713862,448544,200401,3,0.0038989657035112257,-0.12498466333357416,-0.12347909991037842,0.0809874391589045,1619,2990
grow,12,xgboost,713862,448544,200401,3,0.0039043489956062105,-0.11647909275203894,-0.12347909991037842,0.08704708377526355,1635,2990
grow,12,histgbm,713862,448544,200401,3,0.00397533164568431,-0.11732473582230707,-0.12347909991037842,0.08513615383359596,1639,2990
