dataset,unit_id,n_rows,n_seeds,persistence_r2,ridge_r2,lasso_r2,elasticnet_r2,random_forest_r2,xgboost_r2,histgbm_r2
gems,82_55,10560,10,0.1486351624705988,0.3425082615726219,0.3425175658252207,0.3425178663693933,0.3908954124931002,0.3872933917166858,0.3859044098183803
gems,83_55,10380,10,0.4864702370795494,0.5562021452658491,0.5563115510259109,0.5562758994295266,0.5984553186755228,0.592057141568172,0.5951617674982501
gems,83_56,10500,10,0.3707499720573952,0.4707282987279441,0.4707676025617823,0.470753971088418,0.501250980070567,0.4956112440436279,0.4932764752506605
gems,83_57,11130,10,0.6352075804988647,0.6807783386603596,0.6807226146603991,0.6807550745096375,0.7086032622852133,0.7076909794432746,0.7139486563831636
gems,83_58,10890,10,0.8453191592423904,0.8792930602762004,0.8792400966462214,0.8792427205526518,0.8807082552540644,0.8758557101001827,0.8842720072160528
gems,84_57,10980,10,0.8589145224229642,0.8781618852565218,0.8781234822399362,0.8781500230103838,0.8801215719154454,0.8769795199384003,0.8829624191821986
gems,84_58,10620,10,0.8776853298910586,0.8848547228748318,0.8846832530535268,0.8847417393511396,0.8881752057626668,0.8888230948239801,0.8932835754234002
gems,84_59,10500,10,0.9251828803329518,0.9336507313609778,0.9336483233610832,0.9336439901146624,0.9337081529360908,0.931343444884198,0.9352334372530812
gems,85_60,11010,10,0.679726032979397,0.7250654032557116,0.7250446733428749,0.7250515241069723,0.7388079185844048,0.7333196795066266,0.7345470273736854
gems,86_55,10920,10,0.4477706022116718,0.5278428134009217,0.5278795886176966,0.5278731107871705,0.5501247176298124,0.5480492870180094,0.5496047131391301
gems,86_56,11190,10,0.5657190784868737,0.6246395728296104,0.6246300415177716,0.6246338987786635,0.6608071372790423,0.6561635471941294,0.6579020752553009
gems,86_61,10590,10,0.5933063703159184,0.6462726168688488,0.6463369208030902,0.6463245737141732,0.6730782416472536,0.669473301592488,0.6703610171604815
gems,86_67,11010,10,0.923977678975494,0.9317621654302126,0.9317632187258758,0.931774402036326,0.9307525689017612,0.9279217807126005,0.9305982157942684
gems,86_68,10950,10,0.8491445569898474,0.8919710859463986,0.8918604807654813,0.891861305024011,0.8918040894965609,0.8871679473971001,0.8942362907090746
gems,87_62,11430,10,0.6585723198928847,0.6937546622239742,0.6936987952669256,0.6937179468902814,0.7128704750520772,0.709842490274095,0.7106510740366516
gems,87_67,10830,10,0.8939539126913469,0.9133904590486454,0.9132777739320752,0.9133510298266916,0.9158167586803204,0.9129627651674266,0.9210325760592296
gems,88_61,11430,10,0.6413956364603879,0.6768637983525593,0.6768056791466088,0.6768207486509276,0.7042367965309501,0.6999617603624,0.700201879596562
gems,88_62,11430,10,0.7644239819108172,0.7842630783029463,0.7842487566259031,0.7842564843646443,0.7912945073772102,0.7879374072070309,0.7892311039438722
gems,88_64,11430,10,0.8703415713642565,0.8942362984697245,0.8941977563033255,0.8942250900092091,0.895228970001272,0.8905812295373685,0.8966049852447661
gems,88_65,11430,10,0.8709960303358721,0.893874267040248,0.8938152406867037,0.8938208523670739,0.8949930853977861,0.8918846576469612,0.8972841997206892
gems,89_61,11430,10,0.7521645122028605,0.7736070538061495,0.7735747613312652,0.773582008773876,0.7810080721632683,0.7763647987907886,0.7794105538866096
gems,89_63,11400,10,0.8592838593336136,0.8709176892860538,0.8709377817114484,0.8709408042060799,0.8753954388689668,0.870735878893812,0.8749441112937241
gems,89_64,11430,10,0.9004641163729635,0.9258457583876556,0.9257777003211044,0.9257723094721646,0.9228812959054216,0.9183239790617344,0.925557346392676
gems,89_65,11400,10,0.8272585551389474,0.8578049531347544,0.8577089508658442,0.8577194828061268,0.8637500731905483,0.8597146561451469,0.8653644358477639
gems,89_66,11430,10,0.8431232809605314,0.8762660289062796,0.8761785055352093,0.8761904709091922,0.8779110779412285,0.8739398001027399,0.8794246502195369
gems,90_64,11400,10,0.8556393731860004,0.8830659754145822,0.8830081609971769,0.8830115762029985,0.882468379650606,0.8796369779592617,0.8861775364543852
gems,90_65,11430,10,0.8451243330132165,0.8892462203781502,0.8891428613415424,0.889146649572249,0.8901041090599451,0.8854709892065834,0.8934618974513775
gems,90_66,11370,10,0.8709939855729409,0.9046171869646354,0.904572124054573,0.9045736115550956,0.9032823364370052,0.8987722698325106,0.9061523845660172
gems,91_62,11430,10,0.7410673585655628,0.771423696214188,0.7714784058995645,0.7714748840387329,0.7825734379379174,0.7835667190402054,0.7862128178560072
gems,91_64,11430,10,0.8169625420941001,0.848116334239655,0.8480421153912265,0.8480571531081533,0.8509369511750127,0.846856241123989,0.8525224719261543
gems,91_65,11400,10,0.901762849053432,0.9179108368845388,0.9178120476378068,0.9178314051400494,0.9132758890032072,0.909688976426866,0.914698467293328
gems,91_66,11430,10,0.7827251631520405,0.8018431120612048,0.8018877155252934,0.8018888049967261,0.8132519988273603,0.8133254246373254,0.8178145764278945
gems,92_64,11400,10,0.7090312797236161,0.7321629447158013,0.7321573558980885,0.7321559964895512,0.7465842887539514,0.7447203380060865,0.7466241205227983
gems,92_65,11430,10,0.8117084891041317,0.8329732598794916,0.8330109856151224,0.8330151268303554,0.8380245114365856,0.8343560955069365,0.8367663328080418
gems,82_65,10614,10,0.7139972429167656,0.780264616841684,0.7802390253817804,0.7802455052097479,0.7915653922082921,0.7885083251158587,0.7921556726944912
gems,86_54,10875,10,0.5967046029952263,0.6415330937768772,0.6415199251573518,0.6415256243601584,0.6624746858759593,0.6603430884060991,0.6683399453415548
gems,87_61,10668,10,0.6285669360690161,0.6706811815386979,0.6706679674723619,0.6706770110505585,0.6876701483512582,0.6846178981530257,0.6843448897336983
gems,90_62,9906,10,0.7625447724667822,0.79431790797225,0.7941848081998868,0.7942113790508756,0.7988712478422443,0.7953502145475453,0.7990565826223645
gems,85_55,9425,10,0.4283131967327347,0.5149662706819144,0.515001465246622,0.5149924313094153,0.55800199961505,0.5498163476580893,0.5598196981947111
gems,83_64,9120,10,0.6818048072656337,0.7680863669505127,0.7680228881733183,0.768040559248036,0.7862401395809921,0.7846775102195355,0.7889408749855494
gems,84_60,8544,10,0.7016220097142789,0.7435031117430275,0.7434656503402575,0.7434763508262093,0.749370649862167,0.7447107257913114,0.7469437477014872
gems,86_62,9000,10,0.695045978822969,0.7495518773200006,0.7494476936863829,0.7494690267193874,0.7641546583915495,0.7614758688928592,0.7670616751255837
gems,87_65,8952,10,0.7493245441320473,0.7947989870223642,0.7948823331632606,0.7948779901676664,0.8098580306760521,0.8045506545402639,0.8124238534188952
gems,88_63,9144,10,0.7804700020976736,0.8057162305547834,0.8057035477055667,0.8057091378697754,0.814939324459208,0.8119402682765491,0.8152098589542798
gems,90_67,9144,10,0.8596916709348508,0.8765702510847323,0.8766048366752575,0.876608704509688,0.8794748887283081,0.8778176853970289,0.8796760430728494
gems,92_62,9144,10,0.7046839443291943,0.7395641422753847,0.739584848980095,0.7395835928601899,0.751011733146209,0.7458476824221328,0.7495114288885534
gems,83_65,8510,10,0.7525195087899934,0.8097175635153363,0.80974671795147,0.8097439845926602,0.8207487607853178,0.8188454873586908,0.8237751667950397
gems,92_66,8382,10,0.7445228823624428,0.7645195545734824,0.7645455217403292,0.7645456162322997,0.7718610283867846,0.7671084042640125,0.7689338712767765
gems,84_65,7917,10,0.7839331105014098,0.8503559290951488,0.8503384300579591,0.8503407639640871,0.8634443126747297,0.8595771113940053,0.8690206529211251
gems,88_66,7620,10,0.777320617499033,0.8304756873098811,0.8304698162794348,0.8304717837866237,0.8417189155558134,0.8335362942916028,0.842357348292895
gems,82_60,7239,10,0.4720724368592274,0.5650102073882215,0.5647496580652466,0.5648307065832564,0.6222384372986378,0.6230805262098845,0.6562084150977008
gems,83_66,7049,10,0.7752148968086495,0.80396553007823,0.8038707146860202,0.8038953252955217,0.8080911959390187,0.8040638937453414,0.8086514011471092
gems,89_67,7201,10,0.9158153233794448,0.9289866662224522,0.9290473990333484,0.9290440243152964,0.9315490171319027,0.9283529065692878,0.933282580876671
gems,82_66,6804,10,0.7639458342200804,0.8027161476370519,0.8027698628666788,0.8027570949251157,0.809578148710219,0.8045113559490475,0.8072653294758609
gems,82_63,6032,10,0.7149691167535229,0.7816381766908077,0.7816396882557143,0.7816422505286138,0.7897424100046075,0.7824707849010724,0.7821643069041666
gems,87_60,6096,10,0.6492479323820806,0.689042799998015,0.6890560699727571,0.6890559494510491,0.7131017956023025,0.7041655104328569,0.7022298352386553
gems,87_64,6016,10,0.7931782484476252,0.8078819561943776,0.8079245810142212,0.8079211115224456,0.8178412865083693,0.8128653784194402,0.8144019498774453
gems,81_59,5610,10,0.6996756329749813,0.7460403585223224,0.7460461259945681,0.746051352239977,0.7564434031017264,0.749686815868191,0.7510253303790951
gems,83_67,5505,10,0.6777298262523069,0.7593343288144248,0.7593292489559953,0.7593344986148047,0.7639856821663772,0.7592473117569711,0.7630498734719128
gems,85_61,5505,10,0.7318246887366784,0.7615368374372625,0.7615639062277114,0.7615575584680544,0.7659773157949973,0.7605721795504754,0.760895625501149
gems,91_63,5715,10,0.8309097523188903,0.8539369560383656,0.8537016575654391,0.8537914131682685,0.8558624918910895,0.8529228300395177,0.857704909045712
gems,93_62,5715,10,0.725594222589468,0.7540189204401215,0.7540841144016811,0.7540710783879115,0.7657437040663407,0.7577330394075006,0.7587720278480637
gems,83_63,5278,10,0.6955755291486386,0.7981322462776053,0.7981354400347787,0.7981354320179541,0.8239983951951142,0.8166564359920295,0.8221777964580778
gems,85_65,5236,10,0.8722530621101677,0.9197151564363948,0.9196262006887264,0.9196171244222902,0.9271715568488612,0.9227963302201048,0.9332865182546703
gems,87_55,5320,10,0.6810593479345036,0.7159133389848702,0.7158702675231705,0.7158756300738001,0.7270666866767208,0.7199202094166715,0.7220268935001531
gems,87_56,5320,10,0.6480585462565255,0.6822418936275817,0.682204812230337,0.6822148266523409,0.6943657831221945,0.6858309944152009,0.6844725883888673
gems,82_54,4797,10,0.5628628358380492,0.6086355608981917,0.6086315841710941,0.6086269514766792,0.6187193706168672,0.6121114692417169,0.6024138118394246
gems,85_59,4810,10,0.8608428882464695,0.881597851762072,0.8814855099844037,0.8814892325392737,0.8830885918957533,0.8777108978131439,0.8816105932423381
gems,87_63,4953,10,0.711126719485042,0.7512077541861906,0.7512133358890797,0.7512163893427897,0.7543603948361175,0.7498799973712491,0.7488835307145241
gems,87_66,4953,10,0.7741934911960374,0.7986608222444861,0.7985914794949165,0.7986127145629742,0.8027953095681253,0.7975937906323222,0.8000982866735986
gems,89_62,4953,10,0.8968084206757542,0.9057664825043796,0.9057438868805516,0.90575843145686,0.9052696814305292,0.9028957493028577,0.905456733212074
gems,92_63,4953,10,0.7955056332519412,0.8079515728144365,0.8078733287444217,0.8079007500498159,0.8119235388268479,0.805355812204796,0.80634634037297
gems,90_61,4572,10,0.6309821060723342,0.6661798495711909,0.6662703252989063,0.6662447209465202,0.6855037051588484,0.6774866799108126,0.6738035464594857
gems,83_54,3680,10,0.2973801220887967,0.4151659582158283,0.4151363357320151,0.4151524676684849,0.4174914524904027,0.3963113524148922,0.3849676231988642
gems,85_68,3680,10,0.8387894049675833,0.8823648313442061,0.882320648033079,0.882332860294677,0.886276990495339,0.8785211320298814,0.88722771995307
gems,88_55,3780,10,0.7056039689127602,0.7286765656374384,0.7287944472632389,0.7287560322886737,0.7353808100156046,0.722810102510653,0.7229518130658359
gems,88_67,3800,10,0.8342082512310679,0.8699884242760003,0.8700127998140943,0.8700119502896648,0.8709297528413792,0.8626681620884412,0.8714937412952206
gems,82_64,3411,10,0.6394934883760025,0.7202687875906909,0.7202242057570454,0.7202414003659621,0.7321071635385282,0.7191577577371693,0.7224966900351129
gems,83_60,3366,10,0.566028661521716,0.6299734133335815,0.6299157910982398,0.6299436474839843,0.621381146774785,0.6155025820692182,0.6038413251493092
gems,84_54,3402,10,0.7412977660675948,0.7751482115655055,0.7751796361043868,0.7751567830633569,0.7697455419762883,0.7636390790320287,0.759768987149189
gems,84_55,3393,10,0.3471029779413767,0.4556505171732045,0.455622728036605,0.4556360608200633,0.4646584356167297,0.4501466311335898,0.4402730872548676
gems,87_57,3384,10,0.8529134664127763,0.8708833898479604,0.8708876405676339,0.8709166454009069,0.8751513404251139,0.8709988404137071,0.8732012010699035
gems,88_54,3375,10,0.5853146294659008,0.6330293311708439,0.6331447635999894,0.633113896344961,0.6450726574546822,0.6347768589420831,0.6278840855220942
gems,81_60,3032,10,0.5925365328866248,0.6602594165297353,0.6602250992487823,0.6602390671169911,0.680498091749533,0.6672748908981356,0.6620358444454227
gems,84_61,2976,10,0.7422479477579127,0.781824850478988,0.7817520300413607,0.7817725983780414,0.7835879765222064,0.7703640834095071,0.7706250326590202
gems,84_63,3048,10,0.6663653042147852,0.7722448998562297,0.77218689808944,0.772206456323876,0.7787573296180247,0.7685739412368363,0.7663123639091768
gems,85_69,2976,10,0.7672805914846195,0.8207890573759471,0.8207841097569304,0.8207941410951147,0.819638234451109,0.8172156483852817,0.8147308672639715
gems,89_60,3048,10,0.4892349314206317,0.5653524361232082,0.5654341093653441,0.565396471503097,0.5778433945643413,0.5567871083972179,0.554812028827407
gems,90_56,2984,10,0.8581410657452331,0.8653023246484757,0.8651619144648549,0.865232025473464,0.8740705336629297,0.8681214221523742,0.8677607735333149
gems,83_59,2611,10,0.8762705573588647,0.8917967842259944,0.891909748526667,0.891905785100246,0.890052168091777,0.8844621329814453,0.8884855618977658
gems,84_62,2625,10,0.6626095814333093,0.7126803229278876,0.7127621222468449,0.7127528588315887,0.7302954960012491,0.7196099099623556,0.7129987339091952
gems,85_62,2646,10,0.856483270164276,0.8765993567282712,0.8765570890816553,0.8765764685064308,0.8714277624966751,0.8630779191741482,0.8661878450372502
gems,85_67,2646,10,0.8152385542310089,0.8371444724091489,0.8371200525480831,0.8371378858002446,0.8339284688566677,0.8259942496776246,0.8262518897078124
gems,86_69,2583,10,0.8246761687453732,0.8680143730107229,0.8679556825096337,0.8679715670302347,0.8703670134891326,0.861582466717824,0.8663113855128483
gems,87_59,2660,10,0.7541554964306162,0.7853963315745778,0.7854638560832838,0.7854419156961117,0.781868897987688,0.7727762625219688,0.7719205140136288
gems,89_55,2660,10,0.6631311388590743,0.6926604361247524,0.6924852385506558,0.6925665107293238,0.6894986714421015,0.6851833751082285,0.6854378652730161
gems,90_55,2667,10,0.7118114378724563,0.7545444206063485,0.7544167737180942,0.7544878373599431,0.7506318210556187,0.7453766227408114,0.7425494457816884
gems,84_67,2280,10,0.8710949504112874,0.9015283329590724,0.9015648827502244,0.9015674667537809,0.8971885453890268,0.8868123793240331,0.8917183909907276
gems,85_57,2250,10,0.528469462530382,0.5777267055855173,0.5776803899660709,0.5776958236503235,0.6031212086797636,0.5871272064078239,0.5762539828637404
gems,86_64,2226,10,0.8140245907900716,0.8475868452174904,0.8476741536485279,0.847665387217414,0.8586144802226979,0.8498681803549493,0.8534754297210796
gems,89_59,2262,10,0.8877670077836134,0.9137600282340592,0.91367655580845,0.9137379136533704,0.905261258793179,0.8976438212668019,0.905037162480868
gems,90_63,2286,10,0.8792823906610998,0.9012962543573172,0.9014113628461352,0.901399897273176,0.9046170093699656,0.8958270729068399,0.9039248546100342
gems,90_69,2286,10,0.7705102979592179,0.8547163589591328,0.8546645413684638,0.8546714399021542,0.8518840309822577,0.8405472234662466,0.8458872514086611
gems,81_62,1900,10,0.9420255448640766,0.9635061080965132,0.9633644007666547,0.963360703805328,0.9587868690940652,0.9534131856533344,0.9609513949213236
gems,81_63,1895,10,0.7000636769750432,0.7568006989988454,0.756752158700287,0.7567648647200605,0.7663248719197703,0.7456688071393767,0.7421618755847106
gems,85_70,1870,10,0.8498327414306137,0.8919633411277526,0.8919625022106826,0.8919613787469303,0.8962092033185611,0.8844229826835667,0.88902932720157
gems,86_60,1905,10,0.6793336686783688,0.7166917845213611,0.7165554547349139,0.7166132183355006,0.7192095317120735,0.7038177841661769,0.6995313714787902
gems,86_65,1905,10,0.8514818201609037,0.8703798321562932,0.8702986243428692,0.8703214333262397,0.8704998075406957,0.8592346882755683,0.8680481576115395
gems,87_68,1870,10,0.935495296580928,0.950735175781518,0.9507265240283176,0.9507347664058248,0.9454119156571352,0.9397412919265632,0.9422570737602888
gems,88_56,1885,10,0.6957306477643794,0.7372655671246262,0.7374434767982947,0.7373789305080825,0.7519277497992274,0.7380309221581166,0.740989267490321
gems,88_57,1895,10,0.5425510811672918,0.6018517791822103,0.6018914746062528,0.6018815780315782,0.6507809024269147,0.6473995607632592,0.6511259300112245
gems,84_64,1512,10,0.70759428669572,0.7955263750296284,0.7954960664678822,0.7955134157770567,0.8022096169230195,0.7867578240702212,0.795366388433189
gems,84_66,1524,10,0.8610222464150988,0.900574038903797,0.9005534555217363,0.9005588706991009,0.8963360112401618,0.8811467310243936,0.8951914957526552
gems,85_54,1520,10,0.358440968059334,0.4681070286432272,0.467995646901179,0.4680529192683892,0.4536366577598034,0.4280248058777601,0.4036778949325554
gems,86_57,1516,10,0.6083590883970127,0.6739740377458756,0.6739868102618136,0.6739866460889529,0.6912376895427307,0.6835398194269326,0.6826389711084493
gems,88_58,1520,10,0.9007514340362462,0.9030147399688444,0.9029406116772328,0.9029791595744496,0.8941601634639176,0.8830800315460255,0.8849524862022766
gems,88_60,1524,10,0.4764579853316895,0.5401931231566566,0.5402811346394516,0.5402423412606492,0.5374318834849076,0.5170305800529491,0.5091048003385895
gems,89_56,1520,10,0.5319400734376053,0.5983852718865174,0.598330840320962,0.598358719437212,0.590426125072878,0.560750206605918,0.5321885645890221
gems,89_57,1504,10,0.5132749395620377,0.5699708713235626,0.5700739361150855,0.5700270470687215,0.5601473135379965,0.5369194404737441,0.5241725107260251
gems,89_58,1520,10,0.9594616541646556,0.9641366671971956,0.9638908144725344,0.9639353682835444,0.9600593274855764,0.9539276098371504,0.960101779160302
gems,89_69,1524,10,0.8504212679739108,0.9118690652679258,0.9118916108800048,0.9118866002142724,0.901761777151966,0.8870415826438658,0.8924507186737275
gems,90_57,1524,10,0.7738007353451111,0.7855567030289301,0.7857025634643153,0.7856374624209416,0.785694298914388,0.7758541390489706,0.7677969461295703
gems,90_68,1516,10,0.902682626292928,0.9247289922141664,0.924557737709447,0.9246130590171026,0.9212094674039818,0.914067786413166,0.9167871953021172
gems,82_59,1140,10,0.8557260633902875,0.8844025598417031,0.8843937295478854,0.8844044614069663,0.8731361226689025,0.8580196986310549,0.8683375906552753
gems,84_68,1134,10,0.6982542222300212,0.7305663865256486,0.7305286019943172,0.7305533887860386,0.7289478934316473,0.7041032894905755,0.6944407215609492
gems,87_54,1137,10,0.5467535218680818,0.6491089801365605,0.6490082859910989,0.6490633672750947,0.6240465470445906,0.5891324271783918,0.5944051664836557
gems,87_58,1134,10,0.9151450786127948,0.9386977882070864,0.9385257363772214,0.9386398149074452,0.9266437150672756,0.916979593250468,0.922013846092429
gems,87_69,1119,10,0.7634266656739328,0.8571440869494852,0.8571490157705043,0.8571520849621763,0.8599856054400261,0.8341945090359648,0.8565679776229601
gems,88_68,1143,10,0.934168914843337,0.957157838131896,0.9572142929541928,0.9571984761394082,0.9469778354766326,0.939990109310347,0.9424598459507236
gems,89_68,1137,10,0.882610714622022,0.8972733945750166,0.8972006148671905,0.8972444989946092,0.8877242108045522,0.8801700577621501,0.8867105884025268
gems,91_68,1143,10,0.9851496978476548,0.9870971850502196,0.987056853249906,0.9871142321937756,0.9840553101384302,0.9822543016299632,0.9843911641817392
grow,AUS,183313,5,0.6697590532315862,0.7028972590104504,0.7028712018318533,0.7028879430049175,0.7633153216656344,0.7662417332923315,0.7699365091581838
grow,BEL,126058,5,0.7567270024907848,0.775743955117215,0.7757134985869437,0.7757237638625762,0.7983374046364866,0.8011246413687797,0.8033192694538551
grow,CRI,7199,5,0.2816954628507352,0.4323085977246745,0.4323060034985985,0.4323169744466105,0.5028939971205169,0.5012288614146143,0.496968326295255
grow,CUB,98335,5,0.6725194302518378,0.6997553595925149,0.6997239452343065,0.6997318595491571,0.7276914186096148,0.7277538767618302,0.7291481872633071
grow,CZE,217750,5,0.6169892980035353,0.662150396976802,0.6621447103488498,0.6621487215987178,0.6805205364919016,0.6809397145077906,0.6840790981569504
grow,DNK,23436,5,0.6918266811070098,0.7202944542457772,0.7203702746269048,0.7203201008093216,0.745724269961627,0.7482632895973398,0.7516792236614115
grow,ESP,118972,5,0.654508785518773,0.6893576568604638,0.6893389453008038,0.689352553678083,0.7351021518861055,0.7349083476869801,0.7374899519745071
grow,EST,32452,5,0.746758095881729,0.7703435798171997,0.7702736232859981,0.7702996706748471,0.7831662812623779,0.7805785525375531,0.7856551285991464
grow,FRA,381949,5,0.6525257187158984,0.6862881146537243,0.6862778158402384,0.6862826691299985,0.7054450484215078,0.7084070791546383,0.7133885447453105
grow,JAM,11627,5,0.5853730986700516,0.6618649133126183,0.6618479423445485,0.6618877806429445,0.6910864823307757,0.688954599062415,0.6915788825232491
grow,KOR,81689,5,0.5055920558015453,0.5746269312892258,0.5746027806168665,0.5746093911680629,0.5996613824173384,0.599748790533137,0.6029801249870449
grow,NLD,262638,5,0.4571035213530613,0.5467322505113433,0.5467057733065278,0.5467142259014455,0.566260666732991,0.5705895303702425,0.5723720924894866
grow,NZL,96177,5,0.5830003738127876,0.638984504974306,0.6388723415878723,0.6389058033469233,0.6597595307419852,0.6599843350509018,0.6655765275178588
grow,PRT,13700,5,0.733754014195922,0.7527676572275009,0.7528014751946566,0.7528154090327682,0.7681700762797127,0.7663804756643204,0.770633562641167
grow,USA,218140,5,0.761689798025341,0.7812045365654872,0.7811737532148071,0.781183230894189,0.7941758010667456,0.7947091941728466,0.7996595003682833
grow,ZAF,226187,5,0.8045648239474346,0.8145937464973925,0.8146322054407248,0.8146255990678434,0.8360041101953162,0.8361737735221138,0.8404851239989961
ncp,116.0_39.5,3552,10,0.7691557179320089,0.7897252793488353,0.789761359366888,0.7897549355900126,0.7867614872204178,0.7848371794599228,0.779565998806284
ncp,116.5_40.0,1131,10,0.534221855628526,0.6098095142692018,0.6099969418446639,0.6098807025317267,0.6167065873856403,0.6036458257786947,0.6093985279824874
ncp,116.5_39.5,1326,10,0.40075614147184896,0.48733284088647844,0.48726819453634673,0.4873017959031298,0.4607970139560532,0.42898569827266836,0.4169988589752447
ncp,115.5_36.0,550,10,0.3169405757368455,0.43616441939001005,0.436352171126153,0.43616794170532813,0.4511808526774709,0.38128409371086935,0.4285106656371407
ncp,115.5_37.5,1276,10,0.41882896073424264,0.5770800122000105,0.5772212661844411,0.577151678877202,0.6167761141092281,0.5910897326829486,0.5841457754853552
ncp,116.0_37.0,1848,10,0.4721670703825298,0.5488201988417574,0.5488476747996194,0.5488324658013031,0.5445045887095055,0.5156414325504965,0.5030390815347825
ncp,116.0_36.5,918,10,0.3675424116881138,0.4524685951486072,0.45243942483279936,0.4524537669999975,0.3972584482502076,0.32839647268936534,0.3161115916973965
ncp,115.0_35.5,714,10,0.45540146655266556,0.5222175602571769,0.521973860059812,0.5221295209337322,0.5091086408781795,0.48762046453221963,0.46690645866806796
ncp,115.0_37.0,3043,10,0.7507776306735037,0.7677131724388688,0.7677010822121566,0.767701486879874,0.7671374660125612,0.7587382623262393,0.7587187967288267
ncp,115.5_36.5,850,10,0.5095795404438359,0.5758460783912485,0.5757362709061592,0.5757886962796764,0.5163769464002246,0.4760552425575636,0.46915926714108275
ncp,116.0_37.5,578,10,0.3959327496008509,0.5029928440701826,0.5029455346511846,0.502964878330012,0.5128935012678555,0.46208083140051615,0.471975529899764
ncp,116.5_37.0,1190,10,0.47266244949800507,0.5384006837817166,0.5384947660843051,0.5384534848615712,0.5435488411079369,0.519471139157285,0.5003182056924647
ncp,114.0_35.0,2416,10,0.8691250946157524,0.8747930958673292,0.8747515700084738,0.8747784814346232,0.8764438772088212,0.8740397399631454,0.8729184350307457
ncp,116.5_37.5,880,10,0.2215022108787596,0.38141731795160916,0.3814233903677103,0.38140367602329023,0.4039918909651667,0.40196652887777234,0.38716088376461244
ncp,115.5_37.0,1176,10,0.6252984953043803,0.6473006446973011,0.6473512696842555,0.6473318634327263,0.6517029994464244,0.6472231594412785,0.6325115009796489
ncp,115.0_37.5,624,10,0.6246025292208486,0.6814106454698002,0.6815301008754275,0.6815174915524118,0.669691700440423,0.6189879462569507,0.6338016672541821
ncp,114.5_38.0,336,10,0.570989566701607,0.6544812492570972,0.6547272832336407,0.6543970857900414,0.6938618355834617,0.6511564911784572,0.6905938732192903
ncp,117.0_39.5,912,10,0.6510866623895941,0.6830378328829364,0.6831445548410111,0.6831041502330077,0.6880426106648152,0.6654961047702483,0.6532710469832768
ncp,117.5_39.5,924,10,0.6585847828735991,0.6857133655058176,0.6859151754446564,0.6858095944240266,0.6590132684247838,0.6270979109426128,0.6275269094289698
ncp,114.5_35.5,869,10,0.8328966655610955,0.8419398436944696,0.8419283795072099,0.8419394036382929,0.8276434707277127,0.817983136118937,0.8093485242203797
ncp,115.0_38.0,1012,10,0.8759385278228038,0.8820939617032613,0.8819181270693537,0.8820276802046155,0.8687195937378369,0.8641606392829031,0.8617652367105368
ncp,116.5_38.5,682,10,0.7464812655216186,0.7630347727245638,0.7632143168273555,0.7631005033433897,0.7314020258612629,0.716218533379881,0.7116994221841992
ncp,117.0_37.0,858,10,0.3582271413011373,0.49079993163380753,0.4907168589192302,0.49076414317822514,0.4709458114052632,0.41832390024398897,0.38651188033874667
ncp,113.0_35.0,1490,10,0.8093587607091157,0.8220773669553104,0.8220462975460376,0.8220627366995046,0.817897672628676,0.8153606126727071,0.8046102987374631
ncp,114.5_36.0,570,10,0.6621822419957525,0.6942193667710755,0.6942157614155968,0.6941598535542182,0.6709625890151956,0.6548851027597236,0.6686065650041563
ncp,117.0_38.5,560,10,0.580527444563763,0.6197096849057614,0.6198550172021415,0.6197694151967051,0.5931394167913584,0.5769030569174994,0.5777151896671875
ncp,117.5_37.0,580,10,0.18296303094121263,0.35120211237278165,0.3513730591898123,0.3513003167376341,0.31195344859479623,0.27607473966761653,0.3123734031169961
ncp,116.0_40.0,918,10,0.4165013488163415,0.48910492226459923,0.48923266299335866,0.48916649878011914,0.4072171616464334,0.4461714701064595,0.4633885955594564
ncp,117.0_40.0,1377,10,0.8837801820941411,0.8886905905075924,0.8891346199321495,0.8889245762313172,0.8916994436730699,0.8914791671610074,0.8928404778995438
ncp,117.5_37.5,756,10,0.18076061656824133,0.350088524292265,0.35019448069585607,0.3501480737966586,0.328824277173287,0.26169880765526876,0.245699996569091
ncp,113.5_35.0,368,10,0.5096550529515828,0.5570177438791257,0.5570875595936806,0.5571142266849622,0.4984288584405248,0.4850066713313949,0.49212304512783567
ncp,114.0_35.5,1128,10,0.7631826470894731,0.7834653760168172,0.7835389410251363,0.7835061493268108,0.7553803178220988,0.7331810493891824,0.7381172371383296
ncp,114.5_35.0,1976,10,0.7378028475545061,0.7696594210822921,0.7696406274712992,0.7696637382774776,0.7644735028530991,0.7582627908551866,0.7496191914542365
ncp,114.5_36.5,656,10,0.696034976506225,0.7162992830748175,0.7168337809940677,0.7165292135191766,0.7041945271814847,0.7054255386587253,0.71829558799208
ncp,114.5_37.5,328,10,0.5761625520544409,0.6018013721687685,0.6022182461533725,0.6017990931550099,0.5570684153005752,0.5306565107067194,0.5664735650888744
ncp,115.0_36.0,304,10,0.16957519108719313,0.32472859010299066,0.3246919849845045,0.3243939960813279,0.2730997083651724,0.22501223256966477,0.2862397173365213
ncp,115.0_36.5,744,10,0.3456634730239518,0.44716755498767763,0.4471997125014212,0.4471980937385062,0.40597138893733015,0.36575132485445755,0.36420434270705926
ncp,115.0_38.5,744,10,0.84242390551144,0.8508766115397393,0.8510032913527574,0.8509442157328462,0.8564200695892691,0.8426213812503407,0.8457989168267016
ncp,116.0_36.0,231,10,-0.1379316496140692,0.21672912610151468,0.21634272381020692,0.21625081641773575,0.24142771912676922,-0.04639318701603386,0.1698834700429495
ncp,116.5_36.5,665,10,0.30114546650820884,0.41554302729893466,0.41567985142899405,0.41560649811318146,0.37461260395298457,0.3108918218216208,0.30992541437196974
ncp,118.5_39.5,546,10,0.6573282252211909,0.67088473517134,0.670909358247187,0.6708067506655222,0.6511159824533647,0.6280869036703491,0.6376832442276072
ncp,115.5_38.0,570,10,0.48967354468148316,0.5616811951597903,0.5615940070324498,0.5615924654129575,0.5516959855505805,0.5154757644855382,0.4774060009136842
ncp,115.5_38.5,1350,10,0.6481337774839031,0.6802334327929802,0.6802673681418525,0.6802524095590057,0.6880710403202548,0.6722562055027064,0.6770192484727449
ncp,116.0_39.0,1200,10,0.6896779599404059,0.7097198731324879,0.7102624923955391,0.7099944637809972,0.7237568328839016,0.7041998080277824,0.7004032498846231
ncp,116.5_38.0,470,10,0.7814359564851819,0.783447707079745,0.7834003257379453,0.7832753618516173,0.7499320226987747,0.7363230137379724,0.7411205018428934
ncp,117.0_37.5,470,10,0.40304864610479685,0.47854696880638165,0.4785514952551463,0.47848711474528427,0.42504253273577175,0.35564297773378595,0.39685229990136506
ncp,117.5_38.5,500,10,0.6929376645100555,0.6904158639111906,0.6902491486991358,0.6899389864990026,0.6771144601908616,0.6615399831257912,0.6465151919866389
ncp,118.0_39.5,235,10,0.492195158176249,0.5528522700493502,0.5515442423788609,0.5519128294192657,0.5108123653232371,0.48002703730944773,0.4987607520443634
ncp,114.5_37.0,1020,10,0.9048902182794791,0.9094257039567951,0.9091676054834028,0.909277007558203,0.9138657973712171,0.9149860455040948,0.9085090644887227
ncp,115.5_39.0,560,10,0.6057545953859971,0.6508303322339511,0.6511010227387534,0.650950888416755,0.6300100009854519,0.592946508102111,0.605548743083664
ncp,115.5_39.5,612,10,0.7217830888752227,0.7374813139457049,0.7376006199771011,0.7375566652045086,0.7072391360929389,0.6874791656308192,0.6919278965873199
ncp,117.0_39.0,512,10,0.9493955430454086,0.9491179893368615,0.949267797402339,0.949225407535156,0.9383739722879056,0.9359992157931764,0.9409723570090172
ncp,118.0_37.5,336,10,0.0075822928593617615,0.23419149899139438,0.2338920367825088,0.23388544614168194,0.2986573848360661,0.266470029959042,0.29933214000037467
ncp,118.5_39.0,364,10,0.6508075228686188,0.6400745480159886,0.6382425313306201,0.6377129407916128,0.7573759396172828,0.7558476053268954,0.753051318433857
ncp,114.0_36.5,234,10,0.8799823894299152,0.8854930760071437,0.885767763346796,0.8856620756889324,0.9116992407316028,0.8658980625493717,0.8430796368056059
ncp,115.5_35.5,285,10,0.4290344667292406,0.5129078180037261,0.5122290363535508,0.5119081924269355,0.47061460916736786,0.4425307133083514,0.4634997211640317
ncp,116.0_38.0,816,10,0.8905185509819169,0.8919476861119874,0.8920493661196115,0.891991926814185,0.8789769465570713,0.8622077431232811,0.8707437187964
ncp,116.5_39.0,183,10,0.7066187869543732,0.7498731013422153,0.7501524605454881,0.7500758619380085,0.6957016461131167,0.6766429508896186,0.6945893869338045
ncp,117.0_36.5,111,10,0.19321663968630523,0.2693050343132866,0.26992480512327355,0.2700359594921612,0.0824618940761931,-0.19496008512487834,0.13299645823770337
ncp,117.0_38.0,291,10,0.6950048720387616,0.7044180270658041,0.7047452216052894,0.7046120470559858,0.6534384865946985,0.6452385492583115,0.6682299261915569
ncp,117.5_39.0,159,10,0.6981447443818423,0.7334569553191281,0.7326236487195931,0.7325126470012139,0.6317366513302672,0.6559911751050262,0.5860987148010901
ncp,119.0_39.5,441,10,0.779804712859941,0.7937533012879256,0.793159384581695,0.7932442822584441,0.7468483296066287,0.7321000904881196,0.7462549649969725
