dataset,horizon,model,seed,pooled_r2,perwell_median_r2,perwell_median_pers_r2,perwell_median_gain_vs_pers,wins_ge_persistence_n,perwell_n_wells
gems,1,random_forest,0,0.7786897161170498,0.7793211885513447,0.75851712958587,0.02662183238452065,2107,3207
gems,1,random_forest,1,0.7784748904233096,0.7794517809695612,0.75851712958587,0.02674936762800284,2112,3207
gems,1,random_forest,2,0.778496586453557,0.7794853148077602,0.75851712958587,0.02654711497299822,2095,3207
gems,1,random_forest,3,0.7788025665983557,0.7795561160201476,0.75851712958587,0.026532943835509415,2107,3207
gems,1,random_forest,4,0.7787976074252587,0.7795338926549661,0.75851712958587,0.02666200642406047,2108,3207
gems,1,xgboost,0,0.7727524988590185,0.7808926337640848,0.75851712958587,0.029821902760129082,2123,3207
gems,1,xgboost,1,0.7701156342031695,0.7753776265273425,0.75851712958587,0.026071577103130794,2073,3207
gems,1,xgboost,2,0.7679755895444331,0.7711465463822165,0.75851712958587,0.021630599185840316,1991,3207
gems,1,xgboost,3,0.770134093470722,0.7746617507695334,0.75851712958587,0.02630569807691585,2060,3207
gems,1,xgboost,4,0.7700094575398365,0.7753783580607887,0.75851712958587,0.0268336552468752,2069,3207
ncp,1,random_forest,0,0.6567545834147158,0.42429987118273027,0.6041462436187518,-0.01290352545827178,267,640
ncp,1,random_forest,1,0.6574594898091777,0.4253569136606743,0.6041462436187518,-0.013214094717652058,267,640
ncp,1,random_forest,2,0.6526721854398698,0.42368965601186176,0.6041462436187518,-0.013324501632487828,267,640
ncp,1,random_forest,3,0.6530238737596946,0.4230599424132333,0.6041462436187518,-0.013329689397684807,272,640
ncp,1,random_forest,4,0.6588809684150372,0.423769136052663,0.6041462436187518,-0.013729043553769915,268,640
ncp,1,xgboost,0,0.6742984120232018,0.45648067944070764,0.6041462436187518,-0.013488911539807524,258,640
ncp,1,xgboost,1,0.6701284102929839,0.45356676379111877,0.6041462436187518,-0.01722119163525554,256,640
ncp,1,xgboost,2,0.6654474536220115,0.4467260815424943,0.6041462436187518,-0.021113995594537083,240,640
ncp,1,xgboost,3,0.6686838239456383,0.4507270454961558,0.6041462436187518,-0.017021977415149214,249,640
ncp,1,xgboost,4,0.6635608776199438,0.45082374314996443,0.6041462436187518,-0.016806844545797173,255,640
grow,1,random_forest,0,0.011938299613637793,0.5623421389340328,0.7035367380732198,-0.0029853474043270434,1454,2990
grow,1,random_forest,1,0.011916600823260959,0.5626348232125483,0.7035367380732198,-0.0027715907461297595,1456,2990
grow,1,random_forest,2,0.011953011463937124,0.5627670023693431,0.7035367380732198,-0.0024860938239750774,1456,2990
grow,1,random_forest,3,0.011942672732223714,0.5641120916644787,0.7035367380732198,-0.0024454851464198457,1454,2990
grow,1,random_forest,4,0.01192459103276411,0.5622553233813714,0.7035367380732198,-0.0030096441755642633,1453,2990
grow,1,xgboost,0,0.012338983729880959,0.5817922676824236,0.7035367380732198,0.0011328505651772014,1510,2990
grow,1,xgboost,1,0.012280957354999122,0.5778164401272781,0.7035367380732198,-0.001311875385058614,1480,2990
grow,1,xgboost,2,0.012335522174275915,0.5760047135592039,0.7035367380732198,-0.004024028946756852,1449,2990
grow,1,xgboost,3,0.012271829153623903,0.5770638446567178,0.7035367380732198,-0.001773276634226273,1475,2990
grow,1,xgboost,4,0.012221067276034892,0.5751788772327128,0.7035367380732198,-0.0013109265416520466,1477,2990
