grid_cell,n_wells,n_common_months,n_rows,r2_random_split,rmse_random_split,r2_lowo,rmse_lowo,r2_persistence,r2_persistence_fullsample,gap_random_minus_lowo
116.0_39.5,32,114,3552,0.7867614872204178,0.436495591576307,0.7869448213690444,0.41319482323074425,0.7691557179320089,0.778981924682138,-0.00018333414862659048
116.5_40.0,29,42,1131,0.6167065873856403,0.553606905684898,0.6391937716628977,0.5162325145501993,0.534221855628526,0.560434791588645,-0.022487184277257377
116.5_39.5,26,54,1326,0.4607970139560532,0.7272724133763088,0.4584486976794363,0.7036020754504134,0.40075614147184896,0.37190263074809593,0.002348316276616913
115.5_36.0,22,28,550,0.4511808526774709,0.6923250110700957,0.36380279135964405,0.6823410942673972,0.3169405757368455,0.29420035675332246,0.08737806131782683
115.5_37.5,22,61,1276,0.6167761141092281,0.6025194892520497,0.6153465668604001,0.5985304203021861,0.41882896073424264,0.42625961973573023,0.0014295472488279337
116.0_37.0,21,91,1848,0.5445045887095055,0.643248463941638,0.5364895019983599,0.6293187728997586,0.4721670703825298,0.47056452017574446,0.008015086711145591
116.0_40.0,19,87,1596,0.8408513098511611,0.3712382540195935,0.8360175750891486,0.35875519214816054,0.8322905766007409,0.8210670235611138,0.004833734762012432
113.5_35.0,18,24,378,0.3191782311102847,0.8412866442155711,0.3231867047238232,0.827326621983064,0.21808704796312478,0.23709880743743839,-0.00400847361353851
116.0_36.5,18,54,918,0.3972584482502077,0.7468855436629276,0.4159027407593818,0.7137115777918971,0.3675424116881138,0.389667814755143,-0.0186442925091741
115.0_35.5,17,45,714,0.5091086408781795,0.6974040376043387,0.5094288557308745,0.6789680014037239,0.45540146655266556,0.45704921992943814,-0.00032021485269495553
115.0_37.0,17,182,3043,0.7671374660125612,0.4860080361784768,0.752439291142746,0.49055813075122034,0.7507776306735037,0.7354664132899569,0.014698174869815173
115.5_36.5,17,53,850,0.5163769464002246,0.678080350437081,0.49221143713767224,0.6741776306525681,0.5095795404438359,0.47880777094775684,0.024165509262552343
116.0_37.5,17,37,578,0.5128935012678555,0.6712573782543693,0.5076891036835174,0.6698528172494704,0.3959327496008509,0.40569337105581205,0.005204397584338105
116.5_37.0,17,73,1190,0.5435488411079369,0.656780414637526,0.5068084531920631,0.622083235517388,0.47266244949800507,0.4239405882378515,0.03674038791587375
114.0_35.0,16,154,2416,0.8764438772088212,0.34785848218198023,0.869272966638846,0.33213186251687965,0.8691250946157524,0.863630876860183,0.0071709105699752085
116.5_37.5,16,58,880,0.4039918909651667,0.78689659619911,0.4093637529054053,0.7525673416769417,0.2215022108787596,0.27063269728014316,-0.005371861940238587
115.5_37.0,14,87,1176,0.6517029994464244,0.5945936090513047,0.6616240460134297,0.5721061647961746,0.6252984953043803,0.6298711678506796,-0.00992104656700532
115.0_37.5,13,51,624,0.669691700440423,0.5664357466511472,0.6575775195190693,0.5774774362340281,0.6246025292208486,0.6203776069366653,0.012114180921353745
114.5_38.0,12,31,336,0.6938618355834617,0.4211237339039228,0.6870455017667721,0.37576967079626983,0.570989566701607,0.6071385077699476,0.006816333816689557
114.5_35.5,11,82,869,0.8276434707277127,0.38931417675459873,0.8435803882902044,0.33773893336754374,0.8328966655610955,0.8490284277407901,-0.015936917562491715
115.0_38.0,11,95,1012,0.8687195937378369,0.34979469520792056,0.8732103458787144,0.33794138343750646,0.8759385278228038,0.8810372697611767,-0.004490752140877463
116.5_38.5,11,65,682,0.7314020258612629,0.5048276657572783,0.7371927248833794,0.4668253072590246,0.7464812655216186,0.7522256777912232,-0.005790699022116486
117.0_37.0,11,81,858,0.4709458114052632,0.7005065405493901,0.4609856736139973,0.6933401226623009,0.3582271413011373,0.35365838469343025,0.009960137791265922
113.0_35.0,10,152,1490,0.817897672628676,0.4178260331624652,0.8178737025387046,0.4025116524982278,0.8093587607091157,0.8106080605437516,2.3970089971347974e-05
114.5_36.0,10,60,570,0.6709625890151957,0.550567597038637,0.6610192754836244,0.5393360813551872,0.6621822419957525,0.6602010879585708,0.009943313531571296
117.5_37.0,10,61,580,0.31195344859479623,0.7883989050462563,0.28840452127544225,0.7631730604702442,0.18296303094121263,0.17833677406205328,0.023548927319353985
117.5_39.5,10,80,770,0.6666270011552551,0.5552791751039112,0.6683047480715383,0.5414316270958219,0.6845943810581292,0.6719993773740871,-0.001677746916283196
117.0_40.0,9,156,1377,0.8916994436730699,0.3072287701157492,0.90008459536272,0.24313915689140628,0.8837801820941411,0.8885763388871815,-0.00838515168965015
117.5_37.5,9,87,756,0.32882427717328705,0.787769944835365,0.26335360042715417,0.8470563804288836,0.18076061656824133,0.11961869674087233,0.06547067674613288
114.0_35.5,8,144,1128,0.7553803178220988,0.48350487267555575,0.7568677803635688,0.48424578434279,0.7631826470894731,0.7682565501138507,-0.0014874625414700304
114.5_35.0,8,250,1976,0.7644735028530991,0.4783282335401465,0.753988791360642,0.4644567974503806,0.7378028475545061,0.7373372094140198,0.01048471149245711
114.5_36.5,8,85,656,0.7041945271814847,0.5197550267925133,0.7009381789864721,0.5162147102057021,0.696034976506225,0.7312428469559653,0.003256348195012526
114.5_37.5,8,44,328,0.5570684153005752,0.572923166567856,0.6559509463304053,0.4751610616705035,0.5761625520544409,0.5981391887906125,-0.09888253102983013
115.0_36.0,8,41,304,0.27309970836517244,0.8233151699083786,0.29788094351249994,0.8266500315647054,0.16957519108719313,0.3040394045004623,-0.024781235147327496
115.0_36.5,8,96,744,0.40597138893733015,0.7735397924025155,0.4050322792452031,0.7602046358628145,0.3456634730239518,0.3035746293869872,0.0009391096921270714
115.0_38.5,8,96,744,0.8564200695892691,0.36964630764399736,0.8421754861522418,0.3645828326426075,0.84242390551144,0.8385703639988046,0.01424458343702728
117.0_38.5,8,92,712,0.8017851944213383,0.4413469026903293,0.7849361206731884,0.42675810688277505,0.8195558799739828,0.8239840036427091,0.016849073748149923
116.0_36.0,7,36,231,0.24142771912676916,0.8018747708969339,0.2826870448295695,0.8165627149714028,-0.1379316496140692,0.04780707049941957,-0.04125932570280036
116.5_36.5,7,98,665,0.37461260395298446,0.764959046816875,0.3525741099484189,0.7719930049608025,0.30114546650820884,0.2878815538149486,0.022038494004565534
118.5_39.5,7,81,546,0.6511159824533647,0.5691250079185579,0.6673147925205228,0.5466126691753022,0.6573282252211909,0.6789141924871391,-0.016198810067158176
115.5_38.0,6,98,570,0.5516959855505805,0.6542325929870081,0.52033876355173,0.6844619714964567,0.48967354468148316,0.49019462792257384,0.03135722199885049
115.5_38.5,6,228,1350,0.6880710403202548,0.5358365417529248,0.6951707457332036,0.5160741600919226,0.6481337774839031,0.6691932275036345,-0.007099705412948798
116.0_39.0,6,203,1200,0.7237568328839016,0.5032669256134649,0.6947504504988374,0.5191171388648246,0.6896779599404059,0.7123894807744344,0.029006382385064144
116.5_38.0,5,97,470,0.7499320226987747,0.4911482261430137,0.7399091305015628,0.4780075024783505,0.7814359564851819,0.7839465084633374,0.010022892197211863
117.0_37.5,5,97,470,0.42504253273577175,0.734307005784608,0.38977966095444755,0.7452084763698397,0.40304864610479685,0.39737247071553616,0.0352628717813242
117.5_38.5,5,103,500,0.6771144601908616,0.5607998299776644,0.6828569136402854,0.554460528739017,0.6929376645100555,0.6996808847619653,-0.005742453449423812
117.5_39.0,5,100,485,0.7672854104386196,0.46887781824715596,0.6890455206342057,0.5334945692205962,0.7618238296860738,0.7381959851633546,0.07823988980441399
118.0_39.5,5,50,235,0.5108123653232371,0.5935996189778365,0.5336772641224634,0.6253488785545298,0.492195158176249,0.49998790146837,-0.022864898799226263
114.5_37.0,4,258,1020,0.9138657973712171,0.28394957629135126,0.9059865452545709,0.24174153936252996,0.9048902182794791,0.9099188717580944,0.007879252116646196
115.5_39.0,4,143,560,0.6300100009854519,0.5735472952011617,0.6357809774831107,0.5682517267906504,0.6057545953859971,0.6441488577638607,-0.005770976497658786
115.5_39.5,4,156,612,0.7072391360929389,0.5321410274345426,0.7037755297603853,0.527509726945913,0.7217830888752227,0.7031629749830551,0.0034636063325536037
118.0_37.5,4,87,336,0.2986573848360662,0.8020949071478032,0.2447202437687372,0.8434583588022091,0.0075822928593617615,0.11051593467625265,0.053937141067329
118.5_39.0,4,94,364,0.7573759396172828,0.45882861170363987,0.6921518077334294,0.4867303302022955,0.6508075228686188,0.6675810698848617,0.06522413188385334
114.0_36.5,3,81,234,0.9116992407316028,0.2842745658294039,0.7449188490589728,0.4899229839010276,0.8799823894299152,0.8552612062946281,0.16678039167263004
115.5_35.5,3,98,285,0.47061460916736786,0.7076559515685996,0.4156111947624868,0.7231795092013801,0.4290344667292406,0.4871554445513351,0.055003414404881046
116.0_38.0,3,275,816,0.8789769465570713,0.3366167165369493,0.8747951547804947,0.34487217127978964,0.8905185509819169,0.8879509925010802,0.004181791776576516
116.5_39.0,3,104,303,0.651506565652628,0.553483637040679,0.6199765813380207,0.6138488389167163,0.6432614645986234,0.6863924759737675,0.031529984314607296
117.0_36.5,3,40,111,0.0824618940761931,0.8956830151984819,-0.08961778854316467,1.0517476045314562,0.19321663968630523,0.04214301089794292,0.17207968261935777
117.0_38.0,3,100,291,0.6534384865946985,0.576154579395308,0.6295782262681315,0.5753879154477171,0.6950048720387616,0.6689615134349435,0.023860260326566962
117.0_39.0,3,50,141,0.4395550774964677,0.6923434954914329,0.41283997438703174,0.7408162837799122,0.35362755500339416,0.3835056723058693,0.026715103109435978
117.0_39.5,3,93,270,0.5813522481385797,0.6459865909839038,0.584464911657112,0.6454124943379739,0.5666781846828665,0.6223292653411694,-0.0031126635185323437
119.0_39.5,3,150,441,0.7468483296066287,0.4693230056412183,0.7251086483162381,0.5093255101624181,0.779804712859941,0.7973552059654037,0.02173968129039061
