subset,n_subset,n_wq,wq_spatial_holdout_n,wq_spatial_holdout_pct,n_wl,wl_persistence_n,wl_persistence_pct,data_open_n,data_open_pct,sample_size_unit,sample_size_bin,sample_size_min,sample_size_median,sample_size_max
"datapoints:(10820.5, 3580755.0]",23,8,0,0.0,10,0,0.0,3,13.0,datapoints,"(10820.5, 3580755.0]",11641.0,25797.0,3580755.0
"datapoints:(1826.0, 10820.5]",22,3,0,0.0,14,0,0.0,5,22.7,datapoints,"(1826.0, 10820.5]",1827.0,6150.0,10000.0
"datapoints:(319.5, 1826.0]",23,6,0,0.0,9,0,0.0,3,13.0,datapoints,"(319.5, 1826.0]",323.0,731.0,1826.0
"datapoints:(35.999, 319.5]",23,1,0,0.0,14,0,0.0,2,8.7,datapoints,"(35.999, 319.5]",36.0,216.0,316.0
"samples:(13.999, 94.0]",59,52,0,0.0,0,0,,5,8.5,samples,"(13.999, 94.0]",14.0,48.0,94.0
"samples:(200.0, 624.0]",57,44,0,0.0,5,0,0.0,9,15.8,samples,"(200.0, 624.0]",202.0,392.0,624.0
"samples:(624.0, 100000.0]",57,37,4,10.8,8,0,0.0,14,24.6,samples,"(624.0, 100000.0]",640.0,2000.0,100000.0
"samples:(94.0, 200.0]",56,49,3,6.1,4,0,0.0,2,3.6,samples,"(94.0, 200.0]",95.0,130.0,200.0
"stations:(1181.0, 60377.0]",2,2,1,50.0,0,0,,1,50.0,stations,"(1181.0, 60377.0]",5159.0,32768.0,60377.0
"stations:(276.0, 1181.0]",2,2,0,0.0,0,0,,0,0.0,stations,"(276.0, 1181.0]",774.0,977.5,1181.0
"stations:(39.999, 95.0]",3,0,0,,3,0,0.0,2,66.7,stations,"(39.999, 95.0]",40.0,76.0,95.0
"stations:(95.0, 276.0]",2,1,0,0.0,0,0,,1,50.0,stations,"(95.0, 276.0]",242.0,259.0,276.0
"wells:(150.0, 653.0]",26,10,1,10.0,10,0,0.0,6,23.1,wells,"(150.0, 653.0]",167.0,359.5,653.0
"wells:(3.999, 54.0]",27,7,1,14.3,17,0,0.0,4,14.8,wells,"(3.999, 54.0]",4.0,26.0,54.0
"wells:(54.0, 150.0]",26,7,0,0.0,14,0,0.0,7,26.9,wells,"(54.0, 150.0]",55.0,109.0,150.0
"wells:(653.0, 152673.0]",26,13,3,23.1,10,1,10.0,10,38.5,wells,"(653.0, 152673.0]",667.0,2546.5,152673.0
missing_or_unclear,98,25,4,16.0,61,1,1.6,18,18.4,unclear_or_missing,missing_or_unclear,,,
