target,block_deg,regime,model,n_folds,pooled_n_test,median_r2,weighted_mean_r2,median_rmse,xgboost_random_median_r2,xgboost_spatial_median_r2,xgboost_gap_random_minus_spatial,spatial_n_folds
chloride,0.5,random_kfold,idw_k8,21,5770,0.6761775661821858,0.6696320773327331,0.9192079330602236,0.7452065887955757,0.060111476777226,0.6850951120183497,21
chloride,0.5,random_kfold,xgboost,21,5770,0.7452065887955757,0.7435218836901762,0.8186539244312342,0.7452065887955757,0.060111476777226,0.6850951120183497,21
chloride,0.5,spatial_block,idw_k8,21,3556,-0.1747784980190028,-0.38394315599129786,1.1311985123562731,0.7452065887955757,0.060111476777226,0.6850951120183497,21
chloride,0.5,spatial_block,xgboost,21,3556,0.060111476777226,-0.03531449386555404,1.0726890830602078,0.7452065887955757,0.060111476777226,0.6850951120183497,21
chloride,0.75,random_kfold,idw_k8,24,5770,0.6713275871413373,0.6715392038843891,0.9139595113976108,0.742682347103423,0.10191240826169529,0.6407699388417276,24
chloride,0.75,random_kfold,xgboost,24,5770,0.742682347103423,0.7442431711800582,0.8163256621459298,0.742682347103423,0.10191240826169529,0.6407699388417276,24
chloride,0.75,spatial_block,idw_k8,24,5097,-0.0852926611753454,-0.09378287533056051,1.1153293873733512,0.742682347103423,0.10191240826169529,0.6407699388417276,24
chloride,0.75,spatial_block,xgboost,24,5097,0.10191240826169529,0.111926993800617,1.0333126498230003,0.742682347103423,0.10191240826169529,0.6407699388417276,24
chloride,1.0,random_kfold,idw_k8,18,5770,0.672730249395148,0.6700686597006659,0.9117034199790515,0.739275823111817,0.10503287064537681,0.6342429524664402,18
chloride,1.0,random_kfold,xgboost,18,5770,0.739275823111817,0.7454529846455751,0.8110722792195979,0.739275823111817,0.10503287064537681,0.6342429524664402,18
chloride,1.0,spatial_block,idw_k8,18,5491,0.07719496922752,-0.07486540561049065,1.0687156053566036,0.739275823111817,0.10503287064537681,0.6342429524664402,18
chloride,1.0,spatial_block,xgboost,18,5491,0.10503287064537681,0.021112503292854926,1.0158767847001133,0.739275823111817,0.10503287064537681,0.6342429524664402,18
chloride,1.5,random_kfold,idw_k8,12,5770,0.6779122994293063,0.6680700000000224,0.9326204737098415,0.739018949570355,0.1414991925304287,0.5975197570399262,12
chloride,1.5,random_kfold,xgboost,12,5770,0.739018949570355,0.7426038159508139,0.8210522185271552,0.739018949570355,0.1414991925304287,0.5975197570399262,12
chloride,1.5,spatial_block,idw_k8,12,5659,-0.09606184734005396,-0.08499351529814957,1.1150104427119254,0.739018949570355,0.1414991925304287,0.5975197570399262,12
chloride,1.5,spatial_block,xgboost,12,5659,0.1414991925304287,0.12252511941276345,1.0520852958409086,0.739018949570355,0.1414991925304287,0.5975197570399262,12
chloride,2.0,random_kfold,idw_k8,8,5770,0.6748659635254632,0.6709707846595275,0.9419669708570706,0.7327550704400244,0.10805918914269946,0.6246958812973249,8
chloride,2.0,random_kfold,xgboost,8,5770,0.7327550704400244,0.7421781247917874,0.8237403785069239,0.7327550704400244,0.10805918914269946,0.6246958812973249,8
chloride,2.0,spatial_block,idw_k8,8,5698,-0.1747114639525703,-0.10402663757306456,1.1773381972300592,0.7327550704400244,0.10805918914269946,0.6246958812973249,8
chloride,2.0,spatial_block,xgboost,8,5698,0.10805918914269946,0.19365896842075933,0.9870761035281164,0.7327550704400244,0.10805918914269946,0.6246958812973249,8
specific_conductance,0.5,random_kfold,idw_k8,21,4371,0.6971103807304727,0.6914892742651281,0.4815165243439529,0.7659515416617045,0.144334420518841,0.6216171211428636,21
specific_conductance,0.5,random_kfold,xgboost,21,4371,0.7659515416617045,0.7563197877488504,0.4297183939091674,0.7659515416617045,0.144334420518841,0.6216171211428636,21
specific_conductance,0.5,spatial_block,idw_k8,21,2655,-0.1573472363872645,-0.27914108575913094,0.5791600584119181,0.7659515416617045,0.144334420518841,0.6216171211428636,21
specific_conductance,0.5,spatial_block,xgboost,21,2655,0.144334420518841,0.11622397627848507,0.4730774746249212,0.7659515416617045,0.144334420518841,0.6216171211428636,21
specific_conductance,0.75,random_kfold,idw_k8,16,4371,0.6852974161583252,0.6905137485473122,0.4904564369401733,0.7576034110697509,0.09791176329182877,0.6596916477779222,16
specific_conductance,0.75,random_kfold,xgboost,16,4371,0.7576034110697509,0.758429732394245,0.42021347456081104,0.7576034110697509,0.09791176329182877,0.6596916477779222,16
specific_conductance,0.75,spatial_block,idw_k8,16,3350,-0.1541111074935504,-0.16942158153121306,0.6048641756605861,0.7576034110697509,0.09791176329182877,0.6596916477779222,16
specific_conductance,0.75,spatial_block,xgboost,16,3350,0.09791176329182877,0.15792060715416356,0.4987340819133005,0.7576034110697509,0.09791176329182877,0.6596916477779222,16
specific_conductance,1.0,random_kfold,idw_k8,16,4371,0.6852974161583252,0.6905137485473122,0.4904564369401733,0.7576034110697509,0.2843694693519678,0.47323394171778316,16
specific_conductance,1.0,random_kfold,xgboost,16,4371,0.7576034110697509,0.758429732394245,0.42021347456081104,0.7576034110697509,0.2843694693519678,0.47323394171778316,16
specific_conductance,1.0,spatial_block,idw_k8,16,4056,-0.0536216078938041,-0.27121147459674444,0.6854395623815529,0.7576034110697509,0.2843694693519678,0.47323394171778316,16
specific_conductance,1.0,spatial_block,xgboost,16,4056,0.2843694693519678,0.21678660302432054,0.557404481283695,0.7576034110697509,0.2843694693519678,0.47323394171778316,16
specific_conductance,1.5,random_kfold,idw_k8,11,4371,0.6906163994047378,0.6902807607928182,0.48112463937605604,0.7560417879371355,0.26608022487284666,0.48996156306428884,11
specific_conductance,1.5,random_kfold,xgboost,11,4371,0.7560417879371355,0.7565845426285246,0.417448605807102,0.7560417879371355,0.26608022487284666,0.48996156306428884,11
specific_conductance,1.5,spatial_block,idw_k8,11,4214,0.012388762849582236,-0.43067023066845317,0.7256725976036436,0.7560417879371355,0.26608022487284666,0.48996156306428884,11
specific_conductance,1.5,spatial_block,xgboost,11,4214,0.26608022487284666,0.23078228980608265,0.5790454583489143,0.7560417879371355,0.26608022487284666,0.48996156306428884,11
specific_conductance,2.0,random_kfold,idw_k8,8,4371,0.6813500866139176,0.6791452374933147,0.49733239744271296,0.7532494824254797,0.2074540867574608,0.5457953956680189,8
specific_conductance,2.0,random_kfold,xgboost,8,4371,0.7532494824254797,0.7537691297567362,0.4356316417998315,0.7532494824254797,0.2074540867574608,0.5457953956680189,8
specific_conductance,2.0,spatial_block,idw_k8,8,4323,-0.3378020630003937,-0.6895677738132732,0.852019550473516,0.7532494824254797,0.2074540867574608,0.5457953956680189,8
specific_conductance,2.0,spatial_block,xgboost,8,4323,0.2074540867574608,0.0752526164244207,0.6233875492772656,0.7532494824254797,0.2074540867574608,0.5457953956680189,8
