block_deg,target,regime,fold,model,n_train,n_test,r2,rmse,source
0.5,specific_conductance,random_kfold,random_0,idw_k8,4162,209,0.7064964452503943,0.5164775307321421,canonical_full_gpu_0p5deg
0.5,specific_conductance,random_kfold,random_0,xgboost,4162,209,0.7967869997422408,0.4297545599617607,canonical_full_gpu_0p5deg
0.5,specific_conductance,random_kfold,random_1,idw_k8,4162,209,0.659415777942634,0.5580146419625408,canonical_full_gpu_0p5deg
0.5,specific_conductance,random_kfold,random_1,xgboost,4162,209,0.7136724572781143,0.5116404771973398,canonical_full_gpu_0p5deg
0.5,specific_conductance,random_kfold,random_2,idw_k8,4162,209,0.7018789560604236,0.4981140518401589,canonical_full_gpu_0p5deg
0.5,specific_conductance,random_kfold,random_2,xgboost,4162,209,0.786125481391866,0.4219024032580064,canonical_full_gpu_0p5deg
0.5,specific_conductance,random_kfold,random_3,idw_k8,4163,208,0.6808696512061816,0.4403900913812476,canonical_full_gpu_0p5deg
0.5,specific_conductance,random_kfold,random_3,xgboost,4163,208,0.7201355681012594,0.4124082448934115,canonical_full_gpu_0p5deg
0.5,specific_conductance,random_kfold,random_4,idw_k8,4163,208,0.6971103807304727,0.4584427229618117,canonical_full_gpu_0p5deg
0.5,specific_conductance,random_kfold,random_4,xgboost,4163,208,0.7909372084384896,0.3808739424063229,canonical_full_gpu_0p5deg
0.5,specific_conductance,random_kfold,random_5,idw_k8,4163,208,0.564759154204477,0.5743088837860322,canonical_full_gpu_0p5deg
0.5,specific_conductance,random_kfold,random_5,xgboost,4163,208,0.6825587910702111,0.4904699041804701,canonical_full_gpu_0p5deg
0.5,specific_conductance,random_kfold,random_6,idw_k8,4163,208,0.6647228724745831,0.5043311179121447,canonical_full_gpu_0p5deg
0.5,specific_conductance,random_kfold,random_6,xgboost,4163,208,0.7145641682670412,0.4653374947141704,canonical_full_gpu_0p5deg
0.5,specific_conductance,random_kfold,random_7,idw_k8,4163,208,0.7987000216604402,0.3839953614094686,canonical_full_gpu_0p5deg
0.5,specific_conductance,random_kfold,random_7,xgboost,4163,208,0.8252520643984214,0.3577751241251214,canonical_full_gpu_0p5deg
0.5,specific_conductance,random_kfold,random_8,idw_k8,4163,208,0.7294049781611884,0.4837069102323678,canonical_full_gpu_0p5deg
0.5,specific_conductance,random_kfold,random_8,xgboost,4163,208,0.8046654324542484,0.4109717248750752,canonical_full_gpu_0p5deg
0.5,specific_conductance,random_kfold,random_9,idw_k8,4163,208,0.7559015915739923,0.4554778899122438,canonical_full_gpu_0p5deg
0.5,specific_conductance,random_kfold,random_9,xgboost,4163,208,0.7756682689729001,0.4366466976347989,canonical_full_gpu_0p5deg
0.5,specific_conductance,random_kfold,random_10,idw_k8,4163,208,0.5855552899519577,0.5792733394115195,canonical_full_gpu_0p5deg
0.5,specific_conductance,random_kfold,random_10,xgboost,4163,208,0.7053165269941526,0.4884590161376464,canonical_full_gpu_0p5deg
0.5,specific_conductance,random_kfold,random_11,idw_k8,4163,208,0.6879150984686947,0.4983620188046213,canonical_full_gpu_0p5deg
0.5,specific_conductance,random_kfold,random_11,xgboost,4163,208,0.7666128222101316,0.4309700135837754,canonical_full_gpu_0p5deg
0.5,specific_conductance,random_kfold,random_12,idw_k8,4163,208,0.7196060108497315,0.4477627285162598,canonical_full_gpu_0p5deg
0.5,specific_conductance,random_kfold,random_12,xgboost,4163,208,0.7417497762971899,0.4297183939091674,canonical_full_gpu_0p5deg
0.5,specific_conductance,random_kfold,random_13,idw_k8,4163,208,0.7288316063311862,0.4453154583446966,canonical_full_gpu_0p5deg
0.5,specific_conductance,random_kfold,random_13,xgboost,4163,208,0.7462303616338192,0.4307924341345884,canonical_full_gpu_0p5deg
0.5,specific_conductance,random_kfold,random_14,idw_k8,4163,208,0.7201673690648577,0.459128731203016,canonical_full_gpu_0p5deg
0.5,specific_conductance,random_kfold,random_14,xgboost,4163,208,0.8116222682304217,0.3767038636760572,canonical_full_gpu_0p5deg
0.5,specific_conductance,random_kfold,random_15,idw_k8,4163,208,0.6596564678495773,0.5641664267966715,canonical_full_gpu_0p5deg
0.5,specific_conductance,random_kfold,random_15,xgboost,4163,208,0.7327613751573261,0.4999172253821875,canonical_full_gpu_0p5deg
0.5,specific_conductance,random_kfold,random_16,idw_k8,4163,208,0.6954265224366072,0.4279539596793192,canonical_full_gpu_0p5deg
0.5,specific_conductance,random_kfold,random_16,xgboost,4163,208,0.754236873923353,0.3844230050992687,canonical_full_gpu_0p5deg
0.5,specific_conductance,random_kfold,random_17,idw_k8,4163,208,0.6081903166835742,0.5256313075899185,canonical_full_gpu_0p5deg
0.5,specific_conductance,random_kfold,random_17,xgboost,4163,208,0.6752814027090135,0.478516836913481,canonical_full_gpu_0p5deg
0.5,specific_conductance,random_kfold,random_18,idw_k8,4163,208,0.7009619327394909,0.4611660171184141,canonical_full_gpu_0p5deg
0.5,specific_conductance,random_kfold,random_18,xgboost,4163,208,0.7659515416617045,0.4079875879360449,canonical_full_gpu_0p5deg
0.5,specific_conductance,random_kfold,random_19,idw_k8,4163,208,0.6727841790363245,0.4815165243439529,canonical_full_gpu_0p5deg
0.5,specific_conductance,random_kfold,random_19,xgboost,4163,208,0.7725472441862014,0.4014575687917751,canonical_full_gpu_0p5deg
0.5,specific_conductance,random_kfold,random_20,idw_k8,4163,208,0.7829522361386991,0.4314945754810304,canonical_full_gpu_0p5deg
0.5,specific_conductance,random_kfold,random_20,xgboost,4163,208,0.7999060943425351,0.4142996945512098,canonical_full_gpu_0p5deg
0.5,specific_conductance,spatial_block,-183_69,idw_k8,4071,300,-1.2564567319023523,0.8465965333062794,canonical_full_gpu_0p5deg
0.5,specific_conductance,spatial_block,-183_69,xgboost,4071,300,-0.094739886648556,0.5896827880402562,canonical_full_gpu_0p5deg
0.5,specific_conductance,spatial_block,-183_66,idw_k8,4165,206,-0.1573472363872645,0.7270453537764405,canonical_full_gpu_0p5deg
0.5,specific_conductance,spatial_block,-183_66,xgboost,4165,206,0.1995769107987502,0.6046296882462665,canonical_full_gpu_0p5deg
0.5,specific_conductance,spatial_block,-182_66,idw_k8,4186,185,-0.1155970492034306,0.4846726295026773,canonical_full_gpu_0p5deg
0.5,specific_conductance,spatial_block,-182_66,xgboost,4186,185,0.2594076743558943,0.3948975325535603,canonical_full_gpu_0p5deg
0.5,specific_conductance,spatial_block,-183_67,idw_k8,4201,170,-0.4170500572577773,0.6566871994604234,canonical_full_gpu_0p5deg
0.5,specific_conductance,spatial_block,-183_67,xgboost,4201,170,0.1220043629191058,0.5169066671098885,canonical_full_gpu_0p5deg
0.5,specific_conductance,spatial_block,-184_69,idw_k8,4205,166,0.0676208483093457,0.445170831632426,canonical_full_gpu_0p5deg
0.5,specific_conductance,spatial_block,-184_69,xgboost,4205,166,0.1072151482405419,0.4356160074589408,canonical_full_gpu_0p5deg
0.5,specific_conductance,spatial_block,-182_67,idw_k8,4244,127,-0.1790128910780954,0.2956618096011287,canonical_full_gpu_0p5deg
0.5,specific_conductance,spatial_block,-182_67,xgboost,4244,127,-0.0283348408918191,0.2761234106054219,canonical_full_gpu_0p5deg
0.5,specific_conductance,spatial_block,-184_64,idw_k8,4246,125,-0.4381615276464825,1.1477628094697865,canonical_full_gpu_0p5deg
0.5,specific_conductance,spatial_block,-184_64,xgboost,4246,125,-0.1586863421080793,1.0302230415047664,canonical_full_gpu_0p5deg
0.5,specific_conductance,spatial_block,-180_70,idw_k8,4249,122,0.2299064395126153,0.5400231133739863,canonical_full_gpu_0p5deg
0.5,specific_conductance,spatial_block,-180_70,xgboost,4249,122,0.1482017869525528,0.5679485102856052,canonical_full_gpu_0p5deg
0.5,specific_conductance,spatial_block,-181_70,idw_k8,4252,119,-0.3777721220844838,0.7571386017244973,canonical_full_gpu_0p5deg
0.5,specific_conductance,spatial_block,-181_70,xgboost,4252,119,0.4726442324911731,0.468423357088931,canonical_full_gpu_0p5deg
0.5,specific_conductance,spatial_block,-187_65,idw_k8,4262,109,0.2375199979167532,0.6579227575132711,canonical_full_gpu_0p5deg
0.5,specific_conductance,spatial_block,-187_65,xgboost,4262,109,0.2697480751324453,0.6438682874152519,canonical_full_gpu_0p5deg
0.5,specific_conductance,spatial_block,-181_67,idw_k8,4269,102,0.2567787013803795,0.279128177810491,canonical_full_gpu_0p5deg
0.5,specific_conductance,spatial_block,-181_67,xgboost,4269,102,0.3403438431892779,0.2629683111053377,canonical_full_gpu_0p5deg
0.5,specific_conductance,spatial_block,-183_70,idw_k8,4271,100,-1.2222036709567503,0.7672392291607281,canonical_full_gpu_0p5deg
0.5,specific_conductance,spatial_block,-183_70,xgboost,4271,100,0.1855365512374185,0.4644881828244436,canonical_full_gpu_0p5deg
0.5,specific_conductance,spatial_block,-182_68,idw_k8,4273,98,-0.4122479163762975,0.4417848548001373,canonical_full_gpu_0p5deg
0.5,specific_conductance,spatial_block,-182_68,xgboost,4273,98,-0.1185946521616228,0.3931802743673059,canonical_full_gpu_0p5deg
0.5,specific_conductance,spatial_block,-182_71,idw_k8,4275,96,-0.1916947069726993,0.4857419280491892,canonical_full_gpu_0p5deg
0.5,specific_conductance,spatial_block,-182_71,xgboost,4275,96,-0.0372922760557679,0.4531830512328237,canonical_full_gpu_0p5deg
0.5,specific_conductance,spatial_block,-184_65,idw_k8,4275,96,0.1315477048410442,0.6868857145807219,canonical_full_gpu_0p5deg
0.5,specific_conductance,spatial_block,-184_65,xgboost,4275,96,0.144334420518841,0.6818102591314161,canonical_full_gpu_0p5deg
0.5,specific_conductance,spatial_block,-186_65,idw_k8,4276,95,0.1418273629421405,0.5791600584119181,canonical_full_gpu_0p5deg
0.5,specific_conductance,spatial_block,-186_65,xgboost,4276,95,0.289120600172987,0.5271196867081884,canonical_full_gpu_0p5deg
0.5,specific_conductance,spatial_block,-186_64,idw_k8,4277,94,0.025479952549676,1.005743420086693,canonical_full_gpu_0p5deg
0.5,specific_conductance,spatial_block,-186_64,xgboost,4277,94,0.4741766451879612,0.7387742453581597,canonical_full_gpu_0p5deg
0.5,specific_conductance,spatial_block,-182_70,idw_k8,4279,92,0.0779196151301826,0.3665065285507028,canonical_full_gpu_0p5deg
0.5,specific_conductance,spatial_block,-182_70,xgboost,4279,92,-0.0564866876340581,0.3923099633362431,canonical_full_gpu_0p5deg
0.5,specific_conductance,spatial_block,-182_72,idw_k8,4284,87,-0.4598279749137723,0.4916155232500814,canonical_full_gpu_0p5deg
0.5,specific_conductance,spatial_block,-182_72,xgboost,4284,87,-0.351808105069668,0.4730774746249212,canonical_full_gpu_0p5deg
0.5,specific_conductance,spatial_block,-184_68,idw_k8,4286,85,-0.3078195338308895,0.711516039044317,canonical_full_gpu_0p5deg
0.5,specific_conductance,spatial_block,-184_68,xgboost,4286,85,0.3842907173117661,0.488200966835725,canonical_full_gpu_0p5deg
0.5,specific_conductance,spatial_block,-183_71,idw_k8,4290,81,0.0388523209478817,0.4692208807835156,canonical_full_gpu_0p5deg
0.5,specific_conductance,spatial_block,-183_71,xgboost,4290,81,0.1017186383232729,0.4536161037195703,canonical_full_gpu_0p5deg
0.5,chloride,random_kfold,random_0,idw_k8,5495,275,0.6736548079265002,0.9711958328562444,canonical_full_gpu_0p5deg
0.5,chloride,random_kfold,random_0,xgboost,5495,275,0.7151424058643656,0.9073651646041706,canonical_full_gpu_0p5deg
0.5,chloride,random_kfold,random_1,idw_k8,5495,275,0.6830120332076126,0.9732556082091322,canonical_full_gpu_0p5deg
0.5,chloride,random_kfold,random_1,xgboost,5495,275,0.7515690360189624,0.8616053541950132,canonical_full_gpu_0p5deg
0.5,chloride,random_kfold,random_2,idw_k8,5495,275,0.6761775661821858,0.918595300417908,canonical_full_gpu_0p5deg
0.5,chloride,random_kfold,random_2,xgboost,5495,275,0.7423051703425936,0.8194521620949892,canonical_full_gpu_0p5deg
0.5,chloride,random_kfold,random_3,idw_k8,5495,275,0.6942191113617082,0.8513289646982501,canonical_full_gpu_0p5deg
0.5,chloride,random_kfold,random_3,xgboost,5495,275,0.761942003214848,0.7511620314369142,canonical_full_gpu_0p5deg
0.5,chloride,random_kfold,random_4,idw_k8,5495,275,0.6404021610967149,0.9273918211362484,canonical_full_gpu_0p5deg
0.5,chloride,random_kfold,random_4,xgboost,5495,275,0.707811477582063,0.8359615470612003,canonical_full_gpu_0p5deg
0.5,chloride,random_kfold,random_5,idw_k8,5495,275,0.7192557426863481,0.8638241628028288,canonical_full_gpu_0p5deg
0.5,chloride,random_kfold,random_5,xgboost,5495,275,0.7454595913331967,0.822523425884043,canonical_full_gpu_0p5deg
0.5,chloride,random_kfold,random_6,idw_k8,5495,275,0.5568701885395724,1.0443200276697926,canonical_full_gpu_0p5deg
0.5,chloride,random_kfold,random_6,xgboost,5495,275,0.7337583172159203,0.8094800458472557,canonical_full_gpu_0p5deg
0.5,chloride,random_kfold,random_7,idw_k8,5495,275,0.5813380822711592,1.04653864862231,canonical_full_gpu_0p5deg
0.5,chloride,random_kfold,random_7,xgboost,5495,275,0.7059293889322575,0.8771004911918506,canonical_full_gpu_0p5deg
0.5,chloride,random_kfold,random_8,idw_k8,5495,275,0.7383783090072329,0.8217720823014165,canonical_full_gpu_0p5deg
0.5,chloride,random_kfold,random_8,xgboost,5495,275,0.7794602616445415,0.7544977280860397,canonical_full_gpu_0p5deg
0.5,chloride,random_kfold,random_9,idw_k8,5495,275,0.7016607099882908,0.8334663922146409,canonical_full_gpu_0p5deg
0.5,chloride,random_kfold,random_9,xgboost,5495,275,0.7452065887955757,0.7702415866002489,canonical_full_gpu_0p5deg
0.5,chloride,random_kfold,random_10,idw_k8,5495,275,0.7170250588734954,0.8888808559128362,canonical_full_gpu_0p5deg
0.5,chloride,random_kfold,random_10,xgboost,5495,275,0.7999046609040079,0.747460160740275,canonical_full_gpu_0p5deg
0.5,chloride,random_kfold,random_11,idw_k8,5495,275,0.7122007003788114,0.8786083754723717,canonical_full_gpu_0p5deg
0.5,chloride,random_kfold,random_11,xgboost,5495,275,0.7544857357241388,0.8115005851700263,canonical_full_gpu_0p5deg
0.5,chloride,random_kfold,random_12,idw_k8,5495,275,0.7562221646979591,0.8404915950945423,canonical_full_gpu_0p5deg
0.5,chloride,random_kfold,random_12,xgboost,5495,275,0.8318941783208024,0.6979553548634468,canonical_full_gpu_0p5deg
0.5,chloride,random_kfold,random_13,idw_k8,5495,275,0.6465353711279025,0.9001448751133267,canonical_full_gpu_0p5deg
0.5,chloride,random_kfold,random_13,xgboost,5495,275,0.7145406121715471,0.8089312219243351,canonical_full_gpu_0p5deg
0.5,chloride,random_kfold,random_14,idw_k8,5495,275,0.6818464971302989,0.9574825206360628,canonical_full_gpu_0p5deg
0.5,chloride,random_kfold,random_14,xgboost,5495,275,0.7320259884380598,0.8787368493377585,canonical_full_gpu_0p5deg
0.5,chloride,random_kfold,random_15,idw_k8,5495,275,0.6640583974557079,0.9789620391574284,canonical_full_gpu_0p5deg
0.5,chloride,random_kfold,random_15,xgboost,5495,275,0.7113799397102958,0.9073967373804948,canonical_full_gpu_0p5deg
0.5,chloride,random_kfold,random_16,idw_k8,5496,274,0.6300957874016705,0.9655761866063984,canonical_full_gpu_0p5deg
0.5,chloride,random_kfold,random_16,xgboost,5496,274,0.701780927630525,0.8669810706614043,canonical_full_gpu_0p5deg
0.5,chloride,random_kfold,random_17,idw_k8,5496,274,0.6907504838538162,0.9192079330602236,canonical_full_gpu_0p5deg
0.5,chloride,random_kfold,random_17,xgboost,5496,274,0.754708670384504,0.8186539244312342,canonical_full_gpu_0p5deg
0.5,chloride,random_kfold,random_18,idw_k8,5496,274,0.6237464105246964,0.906109906791385,canonical_full_gpu_0p5deg
0.5,chloride,random_kfold,random_18,xgboost,5496,274,0.7504477866408507,0.7379403635762515,canonical_full_gpu_0p5deg
0.5,chloride,random_kfold,random_19,idw_k8,5496,274,0.629681939212867,0.9760742276094102,canonical_full_gpu_0p5deg
0.5,chloride,random_kfold,random_19,xgboost,5496,274,0.7181618294933763,0.8515208855225744,canonical_full_gpu_0p5deg
0.5,chloride,random_kfold,random_20,idw_k8,5496,274,0.6446722336737685,0.9762480604310028,canonical_full_gpu_0p5deg
0.5,chloride,random_kfold,random_20,xgboost,5496,274,0.7559119023970704,0.8091311340023172,canonical_full_gpu_0p5deg
0.5,chloride,spatial_block,-184_64,idw_k8,5402,368,-1.3984360911782527,2.175014931573749,canonical_full_gpu_0p5deg
0.5,chloride,spatial_block,-184_64,xgboost,5402,368,-0.9279224462199692,1.9500374288340687,canonical_full_gpu_0p5deg
0.5,chloride,spatial_block,-183_69,idw_k8,5464,306,-2.1304554594188656,2.3488185248072417,canonical_full_gpu_0p5deg
0.5,chloride,spatial_block,-183_69,xgboost,5464,306,-0.7944982441138002,1.7783499123290245,canonical_full_gpu_0p5deg
0.5,chloride,spatial_block,-185_65,idw_k8,5505,265,0.4222847293784755,0.8428020701811099,canonical_full_gpu_0p5deg
0.5,chloride,spatial_block,-185_65,xgboost,5505,265,0.4743240085069359,0.8039475967430888,canonical_full_gpu_0p5deg
0.5,chloride,spatial_block,-187_65,idw_k8,5537,233,-0.0373859977724844,0.9663113684162836,canonical_full_gpu_0p5deg
0.5,chloride,spatial_block,-187_65,xgboost,5537,233,0.0325095077403545,0.9331903753493171,canonical_full_gpu_0p5deg
0.5,chloride,spatial_block,-184_65,idw_k8,5545,225,-0.198792568404853,1.5810570044792085,canonical_full_gpu_0p5deg
0.5,chloride,spatial_block,-184_65,xgboost,5545,225,0.3704876359998642,1.1457177454816934,canonical_full_gpu_0p5deg
0.5,chloride,spatial_block,-186_65,idw_k8,5552,218,0.2625230806030875,1.0380782380441824,canonical_full_gpu_0p5deg
0.5,chloride,spatial_block,-186_65,xgboost,5552,218,0.2089865944656947,1.0750973518577698,canonical_full_gpu_0p5deg
0.5,chloride,spatial_block,-186_64,idw_k8,5558,212,-0.1848319446162585,1.1311985123562731,canonical_full_gpu_0p5deg
0.5,chloride,spatial_block,-186_64,xgboost,5558,212,0.060111476777226,1.0075082734874947,canonical_full_gpu_0p5deg
0.5,chloride,spatial_block,-185_64,idw_k8,5579,191,0.007214000808948,1.1594010712118406,canonical_full_gpu_0p5deg
0.5,chloride,spatial_block,-185_64,xgboost,5579,191,0.1298887446651753,1.0854086257880493,canonical_full_gpu_0p5deg
0.5,chloride,spatial_block,-183_66,idw_k8,5591,179,-0.1534069042796284,1.7852789926899428,canonical_full_gpu_0p5deg
0.5,chloride,spatial_block,-183_66,xgboost,5591,179,0.4510330430986914,1.2316517365809514,canonical_full_gpu_0p5deg
0.5,chloride,spatial_block,-184_69,idw_k8,5602,168,-0.3675627040592442,1.074634728955601,canonical_full_gpu_0p5deg
0.5,chloride,spatial_block,-184_69,xgboost,5602,168,-0.0063350558839709,0.9218463665425934,canonical_full_gpu_0p5deg
0.5,chloride,spatial_block,-182_66,idw_k8,5611,159,0.0226835348469324,1.2230707967003909,canonical_full_gpu_0p5deg
0.5,chloride,spatial_block,-182_66,xgboost,5611,159,0.2482390827046132,1.0726890830602078,canonical_full_gpu_0p5deg
0.5,chloride,spatial_block,-183_67,idw_k8,5619,151,-0.1747784980190028,1.2399026434932297,canonical_full_gpu_0p5deg
0.5,chloride,spatial_block,-183_67,xgboost,5619,151,0.0060920618762454,1.1404668628336538,canonical_full_gpu_0p5deg
0.5,chloride,spatial_block,-178_73,idw_k8,5634,136,-0.5862517502452251,0.9919010048706776,canonical_full_gpu_0p5deg
0.5,chloride,spatial_block,-178_73,xgboost,5634,136,-0.123736497434302,0.8348616584840574,canonical_full_gpu_0p5deg
0.5,chloride,spatial_block,-181_64,idw_k8,5666,104,-0.0594514122720433,1.1036788276397105,canonical_full_gpu_0p5deg
0.5,chloride,spatial_block,-181_64,xgboost,5666,104,-0.0269655609384957,1.0866260922803248,canonical_full_gpu_0p5deg
0.5,chloride,spatial_block,-182_68,idw_k8,5667,103,0.0680610790182226,1.4189732049652124,canonical_full_gpu_0p5deg
0.5,chloride,spatial_block,-182_68,xgboost,5667,103,0.1657668477069825,1.342530596191453,canonical_full_gpu_0p5deg
0.5,chloride,spatial_block,-181_70,idw_k8,5669,101,-0.2056850656049702,0.6898954244910133,canonical_full_gpu_0p5deg
0.5,chloride,spatial_block,-181_70,xgboost,5669,101,-0.1070329595500669,0.6610687071040818,canonical_full_gpu_0p5deg
0.5,chloride,spatial_block,-182_67,idw_k8,5674,96,0.0566202857462383,1.2239475124379424,canonical_full_gpu_0p5deg
0.5,chloride,spatial_block,-182_67,xgboost,5674,96,0.3958468008286245,0.979474349443437,canonical_full_gpu_0p5deg
0.5,chloride,spatial_block,-180_70,idw_k8,5674,96,-0.2450122753222787,0.8365369311141669,canonical_full_gpu_0p5deg
0.5,chloride,spatial_block,-180_70,xgboost,5674,96,0.0783046468473012,0.7197671158198075,canonical_full_gpu_0p5deg
0.5,chloride,spatial_block,-180_64,idw_k8,5687,83,-0.322294637330027,0.8103561294481508,canonical_full_gpu_0p5deg
0.5,chloride,spatial_block,-180_64,xgboost,5687,83,-0.1857763808101946,0.7673848145137937,canonical_full_gpu_0p5deg
0.5,chloride,spatial_block,-183_70,idw_k8,5689,81,-0.4949407180967178,1.712537424601786,canonical_full_gpu_0p5deg
0.5,chloride,spatial_block,-183_70,xgboost,5689,81,0.0367825846140509,1.3746440247041791,canonical_full_gpu_0p5deg
0.5,chloride,spatial_block,-182_70,idw_k8,5689,81,0.2463071459107707,0.913662179659471,canonical_full_gpu_0p5deg
0.5,chloride,spatial_block,-182_70,xgboost,5689,81,0.2407620025830817,0.9170170629541828,canonical_full_gpu_0p5deg
0.75,specific_conductance,random_kfold,random_0,idw_k8,4097,274,0.6773869574534643,0.5370990127793039,fresh_blocksize_sensitivity
0.75,specific_conductance,random_kfold,random_0,xgboost,4097,274,0.7492582327496458,0.4735073610673241,fresh_blocksize_sensitivity
0.75,specific_conductance,random_kfold,random_1,idw_k8,4097,274,0.699691401625139,0.5092664599975321,fresh_blocksize_sensitivity
0.75,specific_conductance,random_kfold,random_1,xgboost,4097,274,0.7691613251245037,0.4464938461103894,fresh_blocksize_sensitivity
0.75,specific_conductance,random_kfold,random_2,idw_k8,4097,274,0.6721237230266797,0.47427043920689066,fresh_blocksize_sensitivity
0.75,specific_conductance,random_kfold,random_2,xgboost,4097,274,0.7457083349091091,0.41767369237173246,fresh_blocksize_sensitivity
0.75,specific_conductance,random_kfold,random_3,idw_k8,4098,273,0.6402428090224443,0.5180660629375781,fresh_blocksize_sensitivity
0.75,specific_conductance,random_kfold,random_3,xgboost,4098,273,0.734521466036502,0.4450359629811473,fresh_blocksize_sensitivity
0.75,specific_conductance,random_kfold,random_4,idw_k8,4098,273,0.6467980828372861,0.5101308709270362,fresh_blocksize_sensitivity
0.75,specific_conductance,random_kfold,random_4,xgboost,4098,273,0.7119345216313485,0.46069732197784835,fresh_blocksize_sensitivity
0.75,specific_conductance,random_kfold,random_5,idw_k8,4098,273,0.7767754655126932,0.4047034299338233,fresh_blocksize_sensitivity
0.75,specific_conductance,random_kfold,random_5,xgboost,4098,273,0.7977789576651992,0.38519362816091984,fresh_blocksize_sensitivity
0.75,specific_conductance,random_kfold,random_6,idw_k8,4098,273,0.7066832282699785,0.4929584163215112,fresh_blocksize_sensitivity
0.75,specific_conductance,random_kfold,random_6,xgboost,4098,273,0.800066646103363,0.40699067917982445,fresh_blocksize_sensitivity
0.75,specific_conductance,random_kfold,random_7,idw_k8,4098,273,0.7014673133547484,0.5182438653523864,fresh_blocksize_sensitivity
0.75,specific_conductance,random_kfold,random_7,xgboost,4098,273,0.7493082096710166,0.47490668300794747,fresh_blocksize_sensitivity
0.75,specific_conductance,random_kfold,random_8,idw_k8,4098,273,0.6762432340268033,0.4992782216976327,fresh_blocksize_sensitivity
0.75,specific_conductance,random_kfold,random_8,xgboost,4098,273,0.7686672304363918,0.42203821233949285,fresh_blocksize_sensitivity
0.75,specific_conductance,random_kfold,random_9,idw_k8,4098,273,0.716528608345788,0.4475620530101165,fresh_blocksize_sensitivity
0.75,specific_conductance,random_kfold,random_9,xgboost,4098,273,0.7616160007031602,0.41042819739208736,fresh_blocksize_sensitivity
0.75,specific_conductance,random_kfold,random_10,idw_k8,4098,273,0.7347242561868477,0.4457683054131294,fresh_blocksize_sensitivity
0.75,specific_conductance,random_kfold,random_10,xgboost,4098,273,0.7757706116603454,0.4098327706704489,fresh_blocksize_sensitivity
0.75,specific_conductance,random_kfold,random_11,idw_k8,4098,273,0.6513827071796563,0.5454204311025889,fresh_blocksize_sensitivity
0.75,specific_conductance,random_kfold,random_11,xgboost,4098,273,0.7457600192646114,0.4657778831136241,fresh_blocksize_sensitivity
0.75,specific_conductance,random_kfold,random_12,idw_k8,4098,273,0.6932078748631859,0.4622482696025521,fresh_blocksize_sensitivity
0.75,specific_conductance,random_kfold,random_12,xgboost,4098,273,0.763593030072984,0.4057731706453888,fresh_blocksize_sensitivity
0.75,specific_conductance,random_kfold,random_13,idw_k8,4098,273,0.6690231656275398,0.48795445755883543,fresh_blocksize_sensitivity
0.75,specific_conductance,random_kfold,random_13,xgboost,4098,273,0.7059575259663073,0.45992341981358603,fresh_blocksize_sensitivity
0.75,specific_conductance,random_kfold,random_14,idw_k8,4098,273,0.6282411644207628,0.4792607079230221,fresh_blocksize_sensitivity
0.75,specific_conductance,random_kfold,random_14,xgboost,4098,273,0.7535908214363418,0.39018414302038446,fresh_blocksize_sensitivity
0.75,specific_conductance,random_kfold,random_15,idw_k8,4098,273,0.7577818134418397,0.46301621513498825,fresh_blocksize_sensitivity
0.75,specific_conductance,random_kfold,random_15,xgboost,4098,273,0.8022236687759899,0.4183887367821293,fresh_blocksize_sensitivity
0.75,specific_conductance,spatial_block,-122_46,idw_k8,3936,435,0.015176874987871458,0.5410986796869621,fresh_blocksize_sensitivity
0.75,specific_conductance,spatial_block,-122_46,xgboost,3936,435,0.08551846226612758,0.5214165674636222,fresh_blocksize_sensitivity
0.75,specific_conductance,spatial_block,-122_44,idw_k8,3944,427,-0.11521655656424867,0.6231924955914884,fresh_blocksize_sensitivity
0.75,specific_conductance,spatial_block,-122_44,xgboost,3944,427,-0.039282068722017005,0.6016020783146951,fresh_blocksize_sensitivity
0.75,specific_conductance,spatial_block,-122_45,idw_k8,4138,233,-0.09086286138281197,0.586535855729684,fresh_blocksize_sensitivity
0.75,specific_conductance,spatial_block,-122_45,xgboost,4138,233,0.28139691802136935,0.4760515963629787,fresh_blocksize_sensitivity
0.75,specific_conductance,spatial_block,-121_44,idw_k8,4138,233,-0.2787104879039526,0.43146278263472676,fresh_blocksize_sensitivity
0.75,specific_conductance,spatial_block,-121_44,xgboost,4138,233,0.11030506431752995,0.35989663467139493,fresh_blocksize_sensitivity
0.75,specific_conductance,spatial_block,-122_47,idw_k8,4144,227,-0.8671923312023748,0.630209537379821,fresh_blocksize_sensitivity
0.75,specific_conductance,spatial_block,-122_47,xgboost,4144,227,0.07104742684768717,0.4445158128998403,fresh_blocksize_sensitivity
0.75,specific_conductance,spatial_block,-123_46,idw_k8,4151,220,-0.25268545455152003,0.5573127501645428,fresh_blocksize_sensitivity
0.75,specific_conductance,spatial_block,-123_46,xgboost,4151,220,0.13710972283988698,0.4625468730390655,fresh_blocksize_sensitivity
0.75,specific_conductance,spatial_block,-121_45,idw_k8,4157,214,-0.5670459015973752,0.49249236257539003,fresh_blocksize_sensitivity
0.75,specific_conductance,spatial_block,-121_45,xgboost,4157,214,0.1711748966415716,0.3581707276718001,fresh_blocksize_sensitivity
0.75,specific_conductance,spatial_block,-123_43,idw_k8,4159,212,-0.0573253235050053,0.8116598514561524,fresh_blocksize_sensitivity
0.75,specific_conductance,spatial_block,-123_43,xgboost,4159,212,0.06949850713655992,0.761427020468941,fresh_blocksize_sensitivity
0.75,specific_conductance,spatial_block,-124_43,idw_k8,4177,194,0.4144991188418442,0.5450863661828089,fresh_blocksize_sensitivity
0.75,specific_conductance,spatial_block,-124_43,xgboost,4177,194,0.5917103291288532,0.4551826915365211,fresh_blocksize_sensitivity
0.75,specific_conductance,spatial_block,-121_46,idw_k8,4188,183,-0.4766923707056354,0.7972260036513819,fresh_blocksize_sensitivity
0.75,specific_conductance,spatial_block,-121_46,xgboost,4188,183,0.5744780783152281,0.42795431502217546,fresh_blocksize_sensitivity
0.75,specific_conductance,spatial_block,-123_45,idw_k8,4212,159,0.2711595965168643,0.6370412285227535,fresh_blocksize_sensitivity
0.75,specific_conductance,spatial_block,-123_45,xgboost,4212,159,0.47176822015811426,0.5423299430404851,fresh_blocksize_sensitivity
0.75,specific_conductance,spatial_block,-122_43,idw_k8,4237,134,-0.1930056584228521,0.6779384025591233,fresh_blocksize_sensitivity
0.75,specific_conductance,spatial_block,-122_43,xgboost,4237,134,-0.01342241714376291,0.6248334013344651,fresh_blocksize_sensitivity
0.75,specific_conductance,spatial_block,-125_43,idw_k8,4240,131,0.20254340064629006,0.7612908729783903,fresh_blocksize_sensitivity
0.75,specific_conductance,spatial_block,-125_43,xgboost,4240,131,0.22570681596711506,0.7501529354373883,fresh_blocksize_sensitivity
0.75,specific_conductance,spatial_block,-120_46,idw_k8,4241,130,0.11300082790533972,0.5637054837385862,fresh_blocksize_sensitivity
0.75,specific_conductance,spatial_block,-120_46,xgboost,4241,130,0.004365138846847638,0.5972287412847562,fresh_blocksize_sensitivity
0.75,specific_conductance,spatial_block,-121_47,idw_k8,4243,128,-0.6767884411845675,0.6297813752802632,fresh_blocksize_sensitivity
0.75,specific_conductance,spatial_block,-121_47,xgboost,4243,128,0.04992708433038495,0.47405545234611296,fresh_blocksize_sensitivity
0.75,specific_conductance,spatial_block,-121_48,idw_k8,4281,90,-0.19928937197559726,0.5686373827048951,fresh_blocksize_sensitivity
0.75,specific_conductance,spatial_block,-121_48,xgboost,4281,90,-0.11084661111176297,0.5472685131267042,fresh_blocksize_sensitivity
0.75,chloride,random_kfold,random_0,idw_k8,5529,241,0.6647317617276698,0.9804360402403048,fresh_blocksize_sensitivity
0.75,chloride,random_kfold,random_0,xgboost,5529,241,0.7356535058187712,0.8705823109345007,fresh_blocksize_sensitivity
0.75,chloride,random_kfold,random_1,idw_k8,5529,241,0.729451498167065,0.882820243381279,fresh_blocksize_sensitivity
0.75,chloride,random_kfold,random_1,xgboost,5529,241,0.7718840229016318,0.810639139199115,fresh_blocksize_sensitivity
0.75,chloride,random_kfold,random_2,idw_k8,5529,241,0.654253740139499,0.9930862418470169,fresh_blocksize_sensitivity
0.75,chloride,random_kfold,random_2,xgboost,5529,241,0.718216799829637,0.8965319440173152,fresh_blocksize_sensitivity
0.75,chloride,random_kfold,random_3,idw_k8,5529,241,0.7132229827913659,0.838698463203547,fresh_blocksize_sensitivity
0.75,chloride,random_kfold,random_3,xgboost,5529,241,0.7947055043519813,0.7096142501249286,fresh_blocksize_sensitivity
0.75,chloride,random_kfold,random_4,idw_k8,5529,241,0.6444205353166603,0.9089185052956255,fresh_blocksize_sensitivity
0.75,chloride,random_kfold,random_4,xgboost,5529,241,0.7272316572263778,0.7960742791883879,fresh_blocksize_sensitivity
0.75,chloride,random_kfold,random_5,idw_k8,5529,241,0.7219884001310977,0.8437163755027606,fresh_blocksize_sensitivity
0.75,chloride,random_kfold,random_5,xgboost,5529,241,0.7427415619583303,0.8116145685611288,fresh_blocksize_sensitivity
0.75,chloride,random_kfold,random_6,idw_k8,5529,241,0.6795213895292331,0.9190005174995961,fresh_blocksize_sensitivity
0.75,chloride,random_kfold,random_6,xgboost,5529,241,0.726343096422045,0.8492184788695448,fresh_blocksize_sensitivity
0.75,chloride,random_kfold,random_7,idw_k8,5529,241,0.5304155983309182,1.058161541041241,fresh_blocksize_sensitivity
0.75,chloride,random_kfold,random_7,xgboost,5529,241,0.7172940715007226,0.8210367557307308,fresh_blocksize_sensitivity
0.75,chloride,random_kfold,random_8,idw_k8,5529,241,0.6000327803314618,1.0514300686735683,fresh_blocksize_sensitivity
0.75,chloride,random_kfold,random_8,xgboost,5529,241,0.7150874981545581,0.887409239925454,fresh_blocksize_sensitivity
0.75,chloride,random_kfold,random_9,idw_k8,5529,241,0.7257406713532887,0.8418243367859208,fresh_blocksize_sensitivity
0.75,chloride,random_kfold,random_9,xgboost,5529,241,0.7689922916486609,0.772598763050516,fresh_blocksize_sensitivity
0.75,chloride,random_kfold,random_10,idw_k8,5530,240,0.7016118717689688,0.8433190643486332,fresh_blocksize_sensitivity
0.75,chloride,random_kfold,random_10,xgboost,5530,240,0.7618676697389437,0.7533734814201122,fresh_blocksize_sensitivity
0.75,chloride,random_kfold,random_11,idw_k8,5530,240,0.7166149598824424,0.860900036312919,fresh_blocksize_sensitivity
0.75,chloride,random_kfold,random_11,xgboost,5530,240,0.7879624886042926,0.7446815864485076,fresh_blocksize_sensitivity
0.75,chloride,random_kfold,random_12,idw_k8,5530,240,0.6720829263004633,0.941200991922476,fresh_blocksize_sensitivity
0.75,chloride,random_kfold,random_12,xgboost,5530,240,0.7344683574370783,0.8469514235969237,fresh_blocksize_sensitivity
0.75,chloride,random_kfold,random_13,idw_k8,5530,240,0.7404382229035968,0.8430731929615721,fresh_blocksize_sensitivity
0.75,chloride,random_kfold,random_13,xgboost,5530,240,0.812118986247681,0.7172760969383174,fresh_blocksize_sensitivity
0.75,chloride,random_kfold,random_14,idw_k8,5530,240,0.725261804408712,0.8350434083529998,fresh_blocksize_sensitivity
0.75,chloride,random_kfold,random_14,xgboost,5530,240,0.7928347967347775,0.7251167487491427,fresh_blocksize_sensitivity
0.75,chloride,random_kfold,random_15,idw_k8,5530,240,0.6705722479822113,0.89925777703009,fresh_blocksize_sensitivity
0.75,chloride,random_kfold,random_15,xgboost,5530,240,0.7162905811939483,0.8345281449549008,fresh_blocksize_sensitivity
0.75,chloride,random_kfold,random_16,idw_k8,5530,240,0.7247409743761659,0.887334997493507,fresh_blocksize_sensitivity
0.75,chloride,random_kfold,random_16,xgboost,5530,240,0.7426231322485157,0.8580282411320949,fresh_blocksize_sensitivity
0.75,chloride,random_kfold,random_17,idw_k8,5530,240,0.6465027599056408,1.0382573726165225,fresh_blocksize_sensitivity
0.75,chloride,random_kfold,random_17,xgboost,5530,240,0.691154645361606,0.9704709655097996,fresh_blocksize_sensitivity
0.75,chloride,random_kfold,random_18,idw_k8,5530,240,0.6362613727613002,0.9454121259446413,fresh_blocksize_sensitivity
0.75,chloride,random_kfold,random_18,xgboost,5530,240,0.6734890670204278,0.8957262887237222,fresh_blocksize_sensitivity
0.75,chloride,random_kfold,random_19,idw_k8,5530,240,0.6491767127866213,0.9677333255168077,fresh_blocksize_sensitivity
0.75,chloride,random_kfold,random_19,xgboost,5530,240,0.7545527129670337,0.8094510825934024,fresh_blocksize_sensitivity
0.75,chloride,random_kfold,random_20,idw_k8,5530,240,0.6943871430025861,0.8653603904472237,fresh_blocksize_sensitivity
0.75,chloride,random_kfold,random_20,xgboost,5530,240,0.7665544606170982,0.7563172262280538,fresh_blocksize_sensitivity
0.75,chloride,random_kfold,random_21,idw_k8,5530,240,0.6059257167262013,0.9318194563301424,fresh_blocksize_sensitivity
0.75,chloride,random_kfold,random_21,xgboost,5530,240,0.7437731065393928,0.7513721309267868,fresh_blocksize_sensitivity
0.75,chloride,random_kfold,random_22,idw_k8,5530,240,0.6516057944234721,0.9859851856800154,fresh_blocksize_sensitivity
0.75,chloride,random_kfold,random_22,xgboost,5530,240,0.7462889695646109,0.8414040589001911,fresh_blocksize_sensitivity
0.75,chloride,random_kfold,random_23,idw_k8,5530,240,0.6181940810163039,0.9846713995648949,fresh_blocksize_sensitivity
0.75,chloride,random_kfold,random_23,xgboost,5530,240,0.719808297991561,0.8435243618859732,fresh_blocksize_sensitivity
0.75,chloride,spatial_block,-123_43,idw_k8,5156,614,-0.4482206452552808,1.5541546020846249,fresh_blocksize_sensitivity
0.75,chloride,spatial_block,-123_43,xgboost,5156,614,0.14908386002918228,1.1912975051613997,fresh_blocksize_sensitivity
0.75,chloride,spatial_block,-124_43,idw_k8,5282,488,0.5073121620811101,0.9227374159387002,fresh_blocksize_sensitivity
0.75,chloride,spatial_block,-124_43,xgboost,5282,488,0.4386246776782545,0.9849606239581864,fresh_blocksize_sensitivity
0.75,chloride,spatial_block,-122_46,idw_k8,5348,422,-0.06837642362549157,1.4022321079029278,fresh_blocksize_sensitivity
0.75,chloride,spatial_block,-122_46,xgboost,5348,422,-0.12858211421589738,1.441200290681329,fresh_blocksize_sensitivity
0.75,chloride,spatial_block,-122_44,idw_k8,5413,357,0.06410987188671502,1.516295753704694,fresh_blocksize_sensitivity
0.75,chloride,spatial_block,-122_44,xgboost,5413,357,0.35015581666861273,1.2635024942733826,fresh_blocksize_sensitivity
0.75,chloride,spatial_block,-125_43,idw_k8,5503,267,0.14618062097963458,0.9598080475140087,fresh_blocksize_sensitivity
0.75,chloride,spatial_block,-125_43,xgboost,5503,267,0.09650462246516733,0.9873345862632696,fresh_blocksize_sensitivity
0.75,chloride,spatial_block,-123_42,idw_k8,5516,254,-0.2656009149477674,1.5541933682002942,fresh_blocksize_sensitivity
0.75,chloride,spatial_block,-123_42,xgboost,5516,254,-0.4759718432429063,1.678400876836042,fresh_blocksize_sensitivity
0.75,chloride,spatial_block,-123_46,idw_k8,5553,217,-0.4333038247523957,1.146871656005022,fresh_blocksize_sensitivity
0.75,chloride,spatial_block,-123_46,xgboost,5553,217,0.07664932059176122,0.9205110925158074,fresh_blocksize_sensitivity
0.75,chloride,spatial_block,-122_45,idw_k8,5562,208,-0.006103298328746787,1.343952872918823,fresh_blocksize_sensitivity
0.75,chloride,spatial_block,-122_45,xgboost,5562,208,0.3240520593565638,1.101588461403044,fresh_blocksize_sensitivity
0.75,chloride,spatial_block,-122_43,idw_k8,5573,197,0.012209336831987772,1.5678492294714743,fresh_blocksize_sensitivity
0.75,chloride,spatial_block,-122_43,xgboost,5573,197,0.26684259668598176,1.3507359247109945,fresh_blocksize_sensitivity
0.75,chloride,spatial_block,-121_44,idw_k8,5574,196,0.21171278920664138,1.055958416964919,fresh_blocksize_sensitivity
0.75,chloride,spatial_block,-121_44,xgboost,5574,196,-0.04789221697748003,1.2174829370781963,fresh_blocksize_sensitivity
0.75,chloride,spatial_block,-121_45,idw_k8,5589,181,-0.2339923729638702,1.4987024892622578,fresh_blocksize_sensitivity
0.75,chloride,spatial_block,-121_45,xgboost,5589,181,0.1899337149642466,1.214281754713028,fresh_blocksize_sensitivity
0.75,chloride,spatial_block,-122_47,idw_k8,5594,176,-0.6705436586747038,1.6557430050635205,fresh_blocksize_sensitivity
0.75,chloride,spatial_block,-122_47,xgboost,5594,176,0.30281964993040544,1.0696374080446183,fresh_blocksize_sensitivity
0.75,chloride,spatial_block,-121_46,idw_k8,5596,174,-0.3312785813853978,0.8562305731869848,fresh_blocksize_sensitivity
0.75,chloride,spatial_block,-121_46,xgboost,5596,174,0.03452425320844932,0.7291668948633179,fresh_blocksize_sensitivity
0.75,chloride,spatial_block,-121_43,idw_k8,5598,172,-0.02420311322829538,0.9558208970972581,fresh_blocksize_sensitivity
0.75,chloride,spatial_block,-121_43,xgboost,5598,172,-0.19667442831137993,1.0331692712531917,fresh_blocksize_sensitivity
0.75,chloride,spatial_block,-123_45,idw_k8,5621,149,0.08803568998126754,1.4601284273962734,fresh_blocksize_sensitivity
0.75,chloride,spatial_block,-123_45,xgboost,5621,149,0.39939697528136986,1.1849387244108014,fresh_blocksize_sensitivity
0.75,chloride,spatial_block,-124_42,idw_k8,5623,147,0.14431330974160828,1.1104626077464899,fresh_blocksize_sensitivity
0.75,chloride,spatial_block,-124_42,xgboost,5623,147,0.2588759542407483,1.0334560283928087,fresh_blocksize_sensitivity
0.75,chloride,spatial_block,-120_46,idw_k8,5630,140,-0.3874726672615252,0.8720549570766724,fresh_blocksize_sensitivity
0.75,chloride,spatial_block,-120_46,xgboost,5630,140,-0.0053850573182459005,0.7423314320628527,fresh_blocksize_sensitivity
0.75,chloride,spatial_block,-120_43,idw_k8,5634,136,-0.1327415530471978,0.8044826864932065,fresh_blocksize_sensitivity
0.75,chloride,spatial_block,-120_43,xgboost,5634,136,-0.2802202272792542,0.8552510738599527,fresh_blocksize_sensitivity
0.75,chloride,spatial_block,-119_49,idw_k8,5652,118,-0.5642786115918235,0.9281125184703716,fresh_blocksize_sensitivity
0.75,chloride,spatial_block,-119_49,xgboost,5652,118,-0.04134954154010195,0.7572544636787837,fresh_blocksize_sensitivity
0.75,chloride,spatial_block,-121_47,idw_k8,5652,118,0.200481203233968,0.6892932037045317,fresh_blocksize_sensitivity
0.75,chloride,spatial_block,-121_47,xgboost,5652,118,0.12536871494573487,0.7209450446242003,fresh_blocksize_sensitivity
0.75,chloride,spatial_block,-119_48,idw_k8,5673,97,-0.5114237314492742,1.1201961670002123,fresh_blocksize_sensitivity
0.75,chloride,spatial_block,-119_48,xgboost,5673,97,0.13014197616008316,0.8498164837320425,fresh_blocksize_sensitivity
0.75,chloride,spatial_block,-120_48,idw_k8,5675,95,0.17682578818378247,0.9341753723189584,fresh_blocksize_sensitivity
0.75,chloride,spatial_block,-120_48,xgboost,5675,95,0.0812579559177512,0.9869140486972027,fresh_blocksize_sensitivity
0.75,chloride,spatial_block,-124_44,idw_k8,5678,92,-0.22083079421450602,1.286632881654054,fresh_blocksize_sensitivity
0.75,chloride,spatial_block,-124_44,xgboost,5678,92,0.10732019405822324,1.1002079116864698,fresh_blocksize_sensitivity
0.75,chloride,spatial_block,-121_48,idw_k8,5688,82,-0.10220889872519923,0.7736582878774452,fresh_blocksize_sensitivity
0.75,chloride,spatial_block,-121_48,xgboost,5688,82,0.04133309366965665,0.7215245183831916,fresh_blocksize_sensitivity
1.0,specific_conductance,random_kfold,random_0,idw_k8,4097,274,0.6773869574534643,0.5370990127793039,fresh_blocksize_sensitivity
1.0,specific_conductance,random_kfold,random_0,xgboost,4097,274,0.7492582327496458,0.4735073610673241,fresh_blocksize_sensitivity
1.0,specific_conductance,random_kfold,random_1,idw_k8,4097,274,0.699691401625139,0.5092664599975321,fresh_blocksize_sensitivity
1.0,specific_conductance,random_kfold,random_1,xgboost,4097,274,0.7691613251245037,0.4464938461103894,fresh_blocksize_sensitivity
1.0,specific_conductance,random_kfold,random_2,idw_k8,4097,274,0.6721237230266797,0.47427043920689066,fresh_blocksize_sensitivity
1.0,specific_conductance,random_kfold,random_2,xgboost,4097,274,0.7457083349091091,0.41767369237173246,fresh_blocksize_sensitivity
1.0,specific_conductance,random_kfold,random_3,idw_k8,4098,273,0.6402428090224443,0.5180660629375781,fresh_blocksize_sensitivity
1.0,specific_conductance,random_kfold,random_3,xgboost,4098,273,0.734521466036502,0.4450359629811473,fresh_blocksize_sensitivity
1.0,specific_conductance,random_kfold,random_4,idw_k8,4098,273,0.6467980828372861,0.5101308709270362,fresh_blocksize_sensitivity
1.0,specific_conductance,random_kfold,random_4,xgboost,4098,273,0.7119345216313485,0.46069732197784835,fresh_blocksize_sensitivity
1.0,specific_conductance,random_kfold,random_5,idw_k8,4098,273,0.7767754655126932,0.4047034299338233,fresh_blocksize_sensitivity
1.0,specific_conductance,random_kfold,random_5,xgboost,4098,273,0.7977789576651992,0.38519362816091984,fresh_blocksize_sensitivity
1.0,specific_conductance,random_kfold,random_6,idw_k8,4098,273,0.7066832282699785,0.4929584163215112,fresh_blocksize_sensitivity
1.0,specific_conductance,random_kfold,random_6,xgboost,4098,273,0.800066646103363,0.40699067917982445,fresh_blocksize_sensitivity
1.0,specific_conductance,random_kfold,random_7,idw_k8,4098,273,0.7014673133547484,0.5182438653523864,fresh_blocksize_sensitivity
1.0,specific_conductance,random_kfold,random_7,xgboost,4098,273,0.7493082096710166,0.47490668300794747,fresh_blocksize_sensitivity
1.0,specific_conductance,random_kfold,random_8,idw_k8,4098,273,0.6762432340268033,0.4992782216976327,fresh_blocksize_sensitivity
1.0,specific_conductance,random_kfold,random_8,xgboost,4098,273,0.7686672304363918,0.42203821233949285,fresh_blocksize_sensitivity
1.0,specific_conductance,random_kfold,random_9,idw_k8,4098,273,0.716528608345788,0.4475620530101165,fresh_blocksize_sensitivity
1.0,specific_conductance,random_kfold,random_9,xgboost,4098,273,0.7616160007031602,0.41042819739208736,fresh_blocksize_sensitivity
1.0,specific_conductance,random_kfold,random_10,idw_k8,4098,273,0.7347242561868477,0.4457683054131294,fresh_blocksize_sensitivity
1.0,specific_conductance,random_kfold,random_10,xgboost,4098,273,0.7757706116603454,0.4098327706704489,fresh_blocksize_sensitivity
1.0,specific_conductance,random_kfold,random_11,idw_k8,4098,273,0.6513827071796563,0.5454204311025889,fresh_blocksize_sensitivity
1.0,specific_conductance,random_kfold,random_11,xgboost,4098,273,0.7457600192646114,0.4657778831136241,fresh_blocksize_sensitivity
1.0,specific_conductance,random_kfold,random_12,idw_k8,4098,273,0.6932078748631859,0.4622482696025521,fresh_blocksize_sensitivity
1.0,specific_conductance,random_kfold,random_12,xgboost,4098,273,0.763593030072984,0.4057731706453888,fresh_blocksize_sensitivity
1.0,specific_conductance,random_kfold,random_13,idw_k8,4098,273,0.6690231656275398,0.48795445755883543,fresh_blocksize_sensitivity
1.0,specific_conductance,random_kfold,random_13,xgboost,4098,273,0.7059575259663073,0.45992341981358603,fresh_blocksize_sensitivity
1.0,specific_conductance,random_kfold,random_14,idw_k8,4098,273,0.6282411644207628,0.4792607079230221,fresh_blocksize_sensitivity
1.0,specific_conductance,random_kfold,random_14,xgboost,4098,273,0.7535908214363418,0.39018414302038446,fresh_blocksize_sensitivity
1.0,specific_conductance,random_kfold,random_15,idw_k8,4098,273,0.7577818134418397,0.46301621513498825,fresh_blocksize_sensitivity
1.0,specific_conductance,random_kfold,random_15,xgboost,4098,273,0.8022236687759899,0.4183887367821293,fresh_blocksize_sensitivity
1.0,specific_conductance,spatial_block,-92_34,idw_k8,3744,627,-0.5306290594202903,0.710619389703252,fresh_blocksize_sensitivity
1.0,specific_conductance,spatial_block,-92_34,xgboost,3744,627,0.11078407790031986,0.5416337167833241,fresh_blocksize_sensitivity
1.0,specific_conductance,spatial_block,-91_33,idw_k8,3882,489,-0.41071000799428625,0.5105631869236982,fresh_blocksize_sensitivity
1.0,specific_conductance,spatial_block,-91_33,xgboost,3882,489,0.2821365005935931,0.36420974335288187,fresh_blocksize_sensitivity
1.0,specific_conductance,spatial_block,-92_33,idw_k8,3932,439,-0.08218985414736624,0.6725063662947313,fresh_blocksize_sensitivity
1.0,specific_conductance,spatial_block,-92_33,xgboost,3932,439,0.16229920126511532,0.5916830602875025,fresh_blocksize_sensitivity
1.0,specific_conductance,spatial_block,-91_35,idw_k8,4004,367,-0.025053361640241967,0.5915862424738183,fresh_blocksize_sensitivity
1.0,specific_conductance,spatial_block,-91_35,xgboost,4004,367,0.41123538264186354,0.4483484575070949,fresh_blocksize_sensitivity
1.0,specific_conductance,spatial_block,-93_32,idw_k8,4045,326,0.01106455615443358,0.9321906308596856,fresh_blocksize_sensitivity
1.0,specific_conductance,spatial_block,-93_32,xgboost,4045,326,0.5430904730141474,0.6336302012722524,fresh_blocksize_sensitivity
1.0,specific_conductance,spatial_block,-92_32,idw_k8,4066,305,-0.32685541107721683,0.9751131174932852,fresh_blocksize_sensitivity
1.0,specific_conductance,spatial_block,-92_32,xgboost,4066,305,-0.044855574144876176,0.8653092191003466,fresh_blocksize_sensitivity
1.0,specific_conductance,spatial_block,-91_34,idw_k8,4080,291,-0.2613593791614637,0.5674283105067786,fresh_blocksize_sensitivity
1.0,specific_conductance,spatial_block,-91_34,xgboost,4080,291,0.35715571163264415,0.4050834260851253,fresh_blocksize_sensitivity
1.0,specific_conductance,spatial_block,-92_35,idw_k8,4141,230,0.0249845078811749,0.6983727584683745,fresh_blocksize_sensitivity
1.0,specific_conductance,spatial_block,-92_35,xgboost,4141,230,-0.05723407288655724,0.7272221660836129,fresh_blocksize_sensitivity
1.0,specific_conductance,spatial_block,-90_35,idw_k8,4203,168,0.22781846614608237,0.6511739342098684,fresh_blocksize_sensitivity
1.0,specific_conductance,spatial_block,-90_35,xgboost,4203,168,0.40172583740507584,0.573175245784066,fresh_blocksize_sensitivity
1.0,specific_conductance,spatial_block,-91_36,idw_k8,4229,142,-0.21466094951251158,0.5335867416123117,fresh_blocksize_sensitivity
1.0,specific_conductance,spatial_block,-91_36,xgboost,4229,142,-0.07523153456590959,0.5020286375384997,fresh_blocksize_sensitivity
1.0,specific_conductance,spatial_block,-94_32,idw_k8,4231,140,0.13299786901626975,0.8318955196858426,fresh_blocksize_sensitivity
1.0,specific_conductance,spatial_block,-94_32,xgboost,4231,140,0.21804085629637782,0.7900430083620585,fresh_blocksize_sensitivity
1.0,specific_conductance,spatial_block,-91_32,idw_k8,4235,136,0.2622148142751233,0.4084578444781326,fresh_blocksize_sensitivity
1.0,specific_conductance,spatial_block,-91_32,xgboost,4235,136,0.4096537143504343,0.3653723625288469,fresh_blocksize_sensitivity
1.0,specific_conductance,spatial_block,-90_36,idw_k8,4257,114,-2.042328278674229,1.1315857356428176,fresh_blocksize_sensitivity
1.0,specific_conductance,spatial_block,-90_36,xgboost,4257,114,0.30549548909787916,0.5406571647160829,fresh_blocksize_sensitivity
1.0,specific_conductance,spatial_block,-93_33,idw_k8,4271,100,0.2636778055252912,0.5477363706057331,fresh_blocksize_sensitivity
1.0,specific_conductance,spatial_block,-93_33,xgboost,4271,100,0.2866024381103425,0.5391423465005254,fresh_blocksize_sensitivity
1.0,specific_conductance,spatial_block,-89_36,idw_k8,4273,98,-2.139478460948217,1.0538276410548457,fresh_blocksize_sensitivity
1.0,specific_conductance,spatial_block,-89_36,xgboost,4273,98,-0.6320402483093366,0.7598122026515676,fresh_blocksize_sensitivity
1.0,specific_conductance,spatial_block,-93_34,idw_k8,4287,84,-0.00915751198434589,0.9226830390738759,fresh_blocksize_sensitivity
1.0,specific_conductance,spatial_block,-93_34,xgboost,4287,84,0.6066651070903324,0.5760421942282817,fresh_blocksize_sensitivity
1.0,chloride,random_kfold,random_0,idw_k8,5449,321,0.6989869316888495,0.9261875954699793,fresh_blocksize_sensitivity
1.0,chloride,random_kfold,random_0,xgboost,5449,321,0.7394866681083281,0.8616308924557213,fresh_blocksize_sensitivity
1.0,chloride,random_kfold,random_1,idw_k8,5449,321,0.6524085425455162,0.9989012769467268,fresh_blocksize_sensitivity
1.0,chloride,random_kfold,random_1,xgboost,5449,321,0.7383355100992252,0.8666832747721338,fresh_blocksize_sensitivity
1.0,chloride,random_kfold,random_2,idw_k8,5449,321,0.717576416017238,0.8548650884551919,fresh_blocksize_sensitivity
1.0,chloride,random_kfold,random_2,xgboost,5449,321,0.7723874169952822,0.7674414201133505,fresh_blocksize_sensitivity
1.0,chloride,random_kfold,random_3,idw_k8,5449,321,0.654802543795551,0.8972192444881236,fresh_blocksize_sensitivity
1.0,chloride,random_kfold,random_3,xgboost,5449,321,0.7321212502225274,0.790376317107827,fresh_blocksize_sensitivity
1.0,chloride,random_kfold,random_4,idw_k8,5449,321,0.7104263721799414,0.8897065082325281,fresh_blocksize_sensitivity
1.0,chloride,random_kfold,random_4,xgboost,5449,321,0.7335239102685781,0.8534859719651012,fresh_blocksize_sensitivity
1.0,chloride,random_kfold,random_5,idw_k8,5449,321,0.5458779678297876,1.0365786855182109,fresh_blocksize_sensitivity
1.0,chloride,random_kfold,random_5,xgboost,5449,321,0.7141232116238283,0.8224422933064081,fresh_blocksize_sensitivity
1.0,chloride,random_kfold,random_6,idw_k8,5449,321,0.621054391329869,1.0145511363706436,fresh_blocksize_sensitivity
1.0,chloride,random_kfold,random_6,xgboost,5449,321,0.7159804832098404,0.8783337976252052,fresh_blocksize_sensitivity
1.0,chloride,random_kfold,random_7,idw_k8,5449,321,0.7190583212539625,0.8133674221791661,fresh_blocksize_sensitivity
1.0,chloride,random_kfold,random_7,xgboost,5449,321,0.7809644892079727,0.7181843744683171,fresh_blocksize_sensitivity
1.0,chloride,random_kfold,random_8,idw_k8,5449,321,0.7097008109700236,0.8845559041073182,fresh_blocksize_sensitivity
1.0,chloride,random_kfold,random_8,xgboost,5449,321,0.7791271909765497,0.7715667459586028,fresh_blocksize_sensitivity
1.0,chloride,random_kfold,random_9,idw_k8,5449,321,0.6939446968404306,0.8908752444191506,fresh_blocksize_sensitivity
1.0,chloride,random_kfold,random_9,xgboost,5449,321,0.7533831311359529,0.7997022651327876,fresh_blocksize_sensitivity
1.0,chloride,random_kfold,random_10,idw_k8,5450,320,0.7425862920915096,0.8577874125888122,fresh_blocksize_sensitivity
1.0,chloride,random_kfold,random_10,xgboost,5450,320,0.8195024296497684,0.7182894933805914,fresh_blocksize_sensitivity
1.0,chloride,random_kfold,random_11,idw_k8,5450,320,0.664332768768382,0.894624790754454,fresh_blocksize_sensitivity
1.0,chloride,random_kfold,random_11,xgboost,5450,320,0.7391710254746224,0.7886137998313187,fresh_blocksize_sensitivity
1.0,chloride,random_kfold,random_12,idw_k8,5450,320,0.6811277300219141,0.9500956718013482,fresh_blocksize_sensitivity
1.0,chloride,random_kfold,random_12,xgboost,5450,320,0.7275659646253287,0.8781923398824395,fresh_blocksize_sensitivity
1.0,chloride,random_kfold,random_13,idw_k8,5450,320,0.6573426591764202,0.9785344759645408,fresh_blocksize_sensitivity
1.0,chloride,random_kfold,random_13,xgboost,5450,320,0.6952205589904499,0.9228666359947371,fresh_blocksize_sensitivity
1.0,chloride,random_kfold,random_14,idw_k8,5450,320,0.6544759288342008,0.957775757923959,fresh_blocksize_sensitivity
1.0,chloride,random_kfold,random_14,xgboost,5450,320,0.7397767863799406,0.8311850138479412,fresh_blocksize_sensitivity
1.0,chloride,random_kfold,random_15,idw_k8,5450,320,0.6822474433666073,0.85887139925749,fresh_blocksize_sensitivity
1.0,chloride,random_kfold,random_15,xgboost,5450,320,0.7648640265014126,0.7388276710169499,fresh_blocksize_sensitivity
1.0,chloride,random_kfold,random_16,idw_k8,5450,320,0.6199445001216359,0.9581465116859362,fresh_blocksize_sensitivity
1.0,chloride,random_kfold,random_16,xgboost,5450,320,0.7393806207490116,0.7934357505496589,fresh_blocksize_sensitivity
1.0,chloride,random_kfold,random_17,idw_k8,5450,320,0.6352692127881319,1.0022981552861996,fresh_blocksize_sensitivity
1.0,chloride,random_kfold,random_17,xgboost,5450,320,0.7332237262286341,0.857204258978888,fresh_blocksize_sensitivity
1.0,chloride,spatial_block,-93_32,idw_k8,4884,886,0.19438028606310642,1.3235631078759642,fresh_blocksize_sensitivity
1.0,chloride,spatial_block,-93_32,xgboost,4884,886,0.47334932599834734,1.070140826683241,fresh_blocksize_sensitivity
1.0,chloride,spatial_block,-92_32,idw_k8,5042,728,-0.25244575222592514,1.7033502190250758,fresh_blocksize_sensitivity
1.0,chloride,spatial_block,-92_32,xgboost,5042,728,-0.5805984490871443,1.9135299512941444,fresh_blocksize_sensitivity
1.0,chloride,spatial_block,-92_34,idw_k8,5154,616,-1.175580008984264,1.8783525286232403,fresh_blocksize_sensitivity
1.0,chloride,spatial_block,-92_34,xgboost,5154,616,-0.2498102132514326,1.4236774583866025,fresh_blocksize_sensitivity
1.0,chloride,spatial_block,-91_33,idw_k8,5378,392,0.24936786967825075,1.1433085989070273,fresh_blocksize_sensitivity
1.0,chloride,spatial_block,-91_33,xgboost,5378,392,0.1337097285901363,1.2282354084870692,fresh_blocksize_sensitivity
1.0,chloride,spatial_block,-92_33,idw_k8,5384,386,0.02772274476392378,1.4602046216726752,fresh_blocksize_sensitivity
1.0,chloride,spatial_block,-92_33,xgboost,5384,386,0.1160484933008693,1.3923001686447547,fresh_blocksize_sensitivity
1.0,chloride,spatial_block,-91_35,idw_k8,5460,310,0.2203212214164394,0.8345668141973659,fresh_blocksize_sensitivity
1.0,chloride,spatial_block,-91_35,xgboost,5460,310,0.3516165871491149,0.7610605358872355,fresh_blocksize_sensitivity
1.0,chloride,spatial_block,-91_34,idw_k8,5489,281,0.20844951297645475,1.1837640525954003,fresh_blocksize_sensitivity
1.0,chloride,spatial_block,-91_34,xgboost,5489,281,0.29256023141948306,1.1191043203298228,fresh_blocksize_sensitivity
1.0,chloride,spatial_block,-94_32,idw_k8,5492,278,0.12666719369111623,0.9937096966960873,fresh_blocksize_sensitivity
1.0,chloride,spatial_block,-94_32,xgboost,5492,278,0.07654573856335878,1.0218269091047765,fresh_blocksize_sensitivity
1.0,chloride,spatial_block,-91_32,idw_k8,5508,262,0.28419975685671706,0.9840188990009355,fresh_blocksize_sensitivity
1.0,chloride,spatial_block,-91_32,xgboost,5508,262,0.1329567235709329,1.0829986272998624,fresh_blocksize_sensitivity
1.0,chloride,spatial_block,-90_32,idw_k8,5542,228,-0.13395229807019704,0.7967473046164482,fresh_blocksize_sensitivity
1.0,chloride,spatial_block,-90_32,xgboost,5542,228,-0.6646137223300341,0.9653392072365415,fresh_blocksize_sensitivity
1.0,chloride,spatial_block,-92_35,idw_k8,5577,193,0.17157327832637936,1.584485596461861,fresh_blocksize_sensitivity
1.0,chloride,spatial_block,-92_35,xgboost,5577,193,0.01698261981816762,1.7260041847961398,fresh_blocksize_sensitivity
1.0,chloride,spatial_block,-89_36,idw_k8,5592,178,-0.03657943407420916,0.99412261180618,fresh_blocksize_sensitivity
1.0,chloride,spatial_block,-89_36,xgboost,5592,178,0.12816875628245195,0.9117061249653428,fresh_blocksize_sensitivity
1.0,chloride,spatial_block,-90_36,idw_k8,5601,169,0.14481209992258015,0.8845768646044918,fresh_blocksize_sensitivity
1.0,chloride,spatial_block,-90_36,xgboost,5601,169,0.09401724798988431,0.910468170482031,fresh_blocksize_sensitivity
1.0,chloride,spatial_block,-90_35,idw_k8,5630,140,-0.2289338840451569,0.8570629948154477,fresh_blocksize_sensitivity
1.0,chloride,spatial_block,-90_35,xgboost,5630,140,0.06566567412199198,0.7473080094363674,fresh_blocksize_sensitivity
1.0,chloride,spatial_block,-91_36,idw_k8,5645,125,-0.026188045049213793,0.7898626861478562,fresh_blocksize_sensitivity
1.0,chloride,spatial_block,-91_36,xgboost,5645,125,-0.2760961659481378,0.8808051075100153,fresh_blocksize_sensitivity
1.0,chloride,spatial_block,-93_33,idw_k8,5647,123,0.14298543241161754,1.1700931076678387,fresh_blocksize_sensitivity
1.0,chloride,spatial_block,-93_33,xgboost,5647,123,0.36154978769126533,1.00992666029545,fresh_blocksize_sensitivity
1.0,chloride,spatial_block,-90_34,idw_k8,5659,111,-0.009191347422962126,0.7781758250428578,fresh_blocksize_sensitivity
1.0,chloride,spatial_block,-90_34,xgboost,5659,111,-0.06701093524226631,0.8001573719396627,fresh_blocksize_sensitivity
1.0,chloride,spatial_block,-93_34,idw_k8,5685,85,-0.2605566874006473,1.2431946457445364,fresh_blocksize_sensitivity
1.0,chloride,spatial_block,-93_34,xgboost,5685,85,0.31063394014312395,0.9193542529311881,fresh_blocksize_sensitivity
1.5,specific_conductance,random_kfold,random_0,idw_k8,3973,398,0.6638356159014323,0.5494422707358374,fresh_blocksize_sensitivity
1.5,specific_conductance,random_kfold,random_0,xgboost,3973,398,0.7417885511631719,0.481541771513418,fresh_blocksize_sensitivity
1.5,specific_conductance,random_kfold,random_1,idw_k8,3973,398,0.6906163994047378,0.48112463937605604,fresh_blocksize_sensitivity
1.5,specific_conductance,random_kfold,random_1,xgboost,3973,398,0.7674414871413175,0.41713350499664836,fresh_blocksize_sensitivity
1.5,specific_conductance,random_kfold,random_2,idw_k8,3973,398,0.6426064643335496,0.5194304588254502,fresh_blocksize_sensitivity
1.5,specific_conductance,random_kfold,random_2,xgboost,3973,398,0.729465968846768,0.45192359659574194,fresh_blocksize_sensitivity
1.5,specific_conductance,random_kfold,random_3,idw_k8,3973,398,0.7081681260525481,0.45657450398853916,fresh_blocksize_sensitivity
1.5,specific_conductance,random_kfold,random_3,xgboost,3973,398,0.7560417879371355,0.417448605807102,fresh_blocksize_sensitivity
1.5,specific_conductance,random_kfold,random_4,idw_k8,3974,397,0.7241459841325044,0.4693650510521456,fresh_blocksize_sensitivity
1.5,specific_conductance,random_kfold,random_4,xgboost,3974,397,0.7966080764712513,0.403030529635187,fresh_blocksize_sensitivity
1.5,specific_conductance,random_kfold,random_5,idw_k8,3974,397,0.6708818376798307,0.5467997806032053,fresh_blocksize_sensitivity
1.5,specific_conductance,random_kfold,random_5,xgboost,3974,397,0.7412273628095885,0.48485466983811326,fresh_blocksize_sensitivity
1.5,specific_conductance,random_kfold,random_6,idw_k8,3974,397,0.7219294021746874,0.43055827324635687,fresh_blocksize_sensitivity
1.5,specific_conductance,random_kfold,random_6,xgboost,3974,397,0.7648164077408384,0.3959660153109814,fresh_blocksize_sensitivity
1.5,specific_conductance,random_kfold,random_7,idw_k8,3974,397,0.7248289893100162,0.46534264998328745,fresh_blocksize_sensitivity
1.5,specific_conductance,random_kfold,random_7,xgboost,3974,397,0.7886304236991151,0.40784276044769036,fresh_blocksize_sensitivity
1.5,specific_conductance,random_kfold,random_8,idw_k8,3974,397,0.6343875406460767,0.5237415033820337,fresh_blocksize_sensitivity
1.5,specific_conductance,random_kfold,random_8,xgboost,3974,397,0.7143569961803516,0.4629331622674594,fresh_blocksize_sensitivity
1.5,specific_conductance,random_kfold,random_9,idw_k8,3974,397,0.6725458424385224,0.48157451220935177,fresh_blocksize_sensitivity
1.5,specific_conductance,random_kfold,random_9,xgboost,3974,397,0.7256699832818136,0.4407830685462985,fresh_blocksize_sensitivity
1.5,specific_conductance,random_kfold,random_10,idw_k8,3974,397,0.7392829637188316,0.4567545257919967,fresh_blocksize_sensitivity
1.5,specific_conductance,random_kfold,random_10,xgboost,3974,397,0.7964625215654066,0.40357136982158276,fresh_blocksize_sensitivity
1.5,specific_conductance,spatial_block,-61_22,idw_k8,3264,1107,-0.6198322376583534,0.7105166933935743,fresh_blocksize_sensitivity
1.5,specific_conductance,spatial_block,-61_22,xgboost,3264,1107,0.2188974451665019,0.493393355043691,fresh_blocksize_sensitivity
1.5,specific_conductance,spatial_block,-61_23,idw_k8,3398,973,-1.0268585895493358,0.8352979390761363,fresh_blocksize_sensitivity
1.5,specific_conductance,spatial_block,-61_23,xgboost,3398,973,0.09367961774564626,0.558560935020092,fresh_blocksize_sensitivity
1.5,specific_conductance,spatial_block,-62_21,idw_k8,3816,555,-0.4799591004275343,1.168519637462687,fresh_blocksize_sensitivity
1.5,specific_conductance,spatial_block,-62_21,xgboost,3816,555,0.274508624018747,0.8181393580046121,fresh_blocksize_sensitivity
1.5,specific_conductance,spatial_block,-62_22,idw_k8,4065,306,0.019342540618060733,0.8067252542092037,fresh_blocksize_sensitivity
1.5,specific_conductance,spatial_block,-62_22,xgboost,4065,306,0.49818845069588824,0.57708171095143,fresh_blocksize_sensitivity
1.5,specific_conductance,spatial_block,-62_23,idw_k8,4130,241,0.12117512765287497,0.6374232042170243,fresh_blocksize_sensitivity
1.5,specific_conductance,spatial_block,-62_23,xgboost,4130,241,0.27782146290237564,0.5778285389484626,fresh_blocksize_sensitivity
1.5,specific_conductance,spatial_block,-61_21,idw_k8,4151,220,0.17600652447163667,0.5867330866509037,fresh_blocksize_sensitivity
1.5,specific_conductance,spatial_block,-61_21,xgboost,4151,220,0.19745769767358756,0.5790454583489143,fresh_blocksize_sensitivity
1.5,specific_conductance,spatial_block,-60_24,idw_k8,4154,217,0.412894828291662,0.7141000036127172,fresh_blocksize_sensitivity
1.5,specific_conductance,spatial_block,-60_24,xgboost,4154,217,0.5555718837650439,0.6213007035518054,fresh_blocksize_sensitivity
1.5,specific_conductance,spatial_block,-60_23,idw_k8,4157,214,0.012388762849582236,0.7256725976036436,fresh_blocksize_sensitivity
1.5,specific_conductance,spatial_block,-60_23,xgboost,4157,214,0.29461850827394453,0.6132813283054697,fresh_blocksize_sensitivity
1.5,specific_conductance,spatial_block,-61_24,idw_k8,4227,144,-0.24106425004657162,0.5477188311356886,fresh_blocksize_sensitivity
1.5,specific_conductance,spatial_block,-61_24,xgboost,4227,144,-0.10494571964027366,0.5168101230379408,fresh_blocksize_sensitivity
1.5,specific_conductance,spatial_block,-63_21,idw_k8,4227,144,0.11115386120591297,0.8686560884162342,fresh_blocksize_sensitivity
1.5,specific_conductance,spatial_block,-63_21,xgboost,4227,144,0.21258662675957563,0.8175907439804625,fresh_blocksize_sensitivity
1.5,specific_conductance,spatial_block,-60_21,idw_k8,4278,93,-0.11360314143607564,0.7776486523427097,fresh_blocksize_sensitivity
1.5,specific_conductance,spatial_block,-60_21,xgboost,4278,93,0.26608022487284666,0.631309747396676,fresh_blocksize_sensitivity
1.5,chloride,random_kfold,random_0,idw_k8,5289,481,0.6955226060121631,0.9350772597008234,fresh_blocksize_sensitivity
1.5,chloride,random_kfold,random_0,xgboost,5289,481,0.7396248574847002,0.8647085015645665,fresh_blocksize_sensitivity
1.5,chloride,random_kfold,random_1,idw_k8,5289,481,0.6783302600813887,0.9301636877188595,fresh_blocksize_sensitivity
1.5,chloride,random_kfold,random_1,xgboost,5289,481,0.7597699565991027,0.8038368974947655,fresh_blocksize_sensitivity
1.5,chloride,random_kfold,random_2,idw_k8,5289,481,0.6810219837724439,0.882880657865881,fresh_blocksize_sensitivity
1.5,chloride,random_kfold,random_2,xgboost,5289,481,0.7351856010461438,0.8044377152055856,fresh_blocksize_sensitivity
1.5,chloride,random_kfold,random_3,idw_k8,5289,481,0.599227958987459,1.002288633389139,fresh_blocksize_sensitivity
1.5,chloride,random_kfold,random_3,xgboost,5289,481,0.7121062966836376,0.8494937347775481,fresh_blocksize_sensitivity
1.5,chloride,random_kfold,random_4,idw_k8,5289,481,0.656641741699074,0.9597424199438231,fresh_blocksize_sensitivity
1.5,chloride,random_kfold,random_4,xgboost,5289,481,0.7384130416560098,0.8377009078513211,fresh_blocksize_sensitivity
1.5,chloride,random_kfold,random_5,idw_k8,5289,481,0.6951808994900657,0.8708697221564535,fresh_blocksize_sensitivity
1.5,chloride,random_kfold,random_5,xgboost,5289,481,0.7720630666301005,0.7530771207050864,fresh_blocksize_sensitivity
1.5,chloride,random_kfold,random_6,idw_k8,5289,481,0.7072910530746899,0.8958357122213129,fresh_blocksize_sensitivity
1.5,chloride,random_kfold,random_6,xgboost,5289,481,0.7763695890313023,0.7830253165992804,fresh_blocksize_sensitivity
1.5,chloride,random_kfold,random_7,idw_k8,5289,481,0.6895541623778444,0.8782890025881753,fresh_blocksize_sensitivity
1.5,chloride,random_kfold,random_7,xgboost,5289,481,0.7548841572493195,0.7804232788553264,fresh_blocksize_sensitivity
1.5,chloride,random_kfold,random_8,idw_k8,5289,481,0.6774943387772239,0.9770560234961062,fresh_blocksize_sensitivity
1.5,chloride,random_kfold,random_8,xgboost,5289,481,0.717787838219986,0.9139841363763755,fresh_blocksize_sensitivity
1.5,chloride,random_kfold,random_9,idw_k8,5289,481,0.6464742431215502,0.951941136022961,fresh_blocksize_sensitivity
1.5,chloride,random_kfold,random_9,xgboost,5289,481,0.7126321895233518,0.8582595081678964,fresh_blocksize_sensitivity
1.5,chloride,random_kfold,random_10,idw_k8,5290,480,0.6494882508803748,0.9039379285770794,fresh_blocksize_sensitivity
1.5,chloride,random_kfold,random_10,xgboost,5290,480,0.7552316107851635,0.7553791345134143,fresh_blocksize_sensitivity
1.5,chloride,random_kfold,random_11,idw_k8,5290,480,0.6405165866272544,0.9796972467471544,fresh_blocksize_sensitivity
1.5,chloride,random_kfold,random_11,xgboost,5290,480,0.7371925897621687,0.8376667218487247,fresh_blocksize_sensitivity
1.5,chloride,spatial_block,-62_21,idw_k8,4267,1503,-0.11301632914974546,1.6566263062402027,fresh_blocksize_sensitivity
1.5,chloride,spatial_block,-62_21,xgboost,4267,1503,-0.04366612453523144,1.6041854726494336,fresh_blocksize_sensitivity
1.5,chloride,spatial_block,-61_22,idw_k8,4828,942,0.24745052336813733,1.3867559226278274,fresh_blocksize_sensitivity
1.5,chloride,spatial_block,-61_22,xgboost,4828,942,0.3745259508351588,1.264262185173725,fresh_blocksize_sensitivity
1.5,chloride,spatial_block,-61_23,idw_k8,4880,890,-0.43895984958777623,1.6898132219122952,fresh_blocksize_sensitivity
1.5,chloride,spatial_block,-61_23,xgboost,4880,890,0.2557918786225307,1.215238635319894,fresh_blocksize_sensitivity
1.5,chloride,spatial_block,-61_21,idw_k8,5373,397,0.2588231241631632,1.4954171145479347,fresh_blocksize_sensitivity
1.5,chloride,spatial_block,-61_21,xgboost,5373,397,0.4763352099711131,1.2569792343408173,fresh_blocksize_sensitivity
1.5,chloride,spatial_block,-60_24,idw_k8,5417,353,-0.24836886402655267,1.062847526785162,fresh_blocksize_sensitivity
1.5,chloride,spatial_block,-60_24,xgboost,5417,353,0.030914155189288528,0.936441446537984,fresh_blocksize_sensitivity
1.5,chloride,spatial_block,-62_22,idw_k8,5454,316,-0.18336275815436487,1.5222130286137543,fresh_blocksize_sensitivity
1.5,chloride,spatial_block,-62_22,xgboost,5454,316,0.36952434260317835,1.1110936041159385,fresh_blocksize_sensitivity
1.5,chloride,spatial_block,-63_21,idw_k8,5488,282,0.14838127418701663,1.0149143822756803,fresh_blocksize_sensitivity
1.5,chloride,spatial_block,-63_21,xgboost,5488,282,0.07815871337596969,1.0559294030000195,fresh_blocksize_sensitivity
1.5,chloride,spatial_block,-60_21,idw_k8,5498,272,-0.3342293439027002,0.8759874603465305,fresh_blocksize_sensitivity
1.5,chloride,spatial_block,-60_21,xgboost,5498,272,-0.9105444674134433,1.0482411886817975,fresh_blocksize_sensitivity
1.5,chloride,spatial_block,-62_23,idw_k8,5532,238,0.1852972877601996,1.1671733586386888,fresh_blocksize_sensitivity
1.5,chloride,spatial_block,-62_23,xgboost,5532,238,0.34428569214367843,1.0471119477942388,fresh_blocksize_sensitivity
1.5,chloride,spatial_block,-60_23,idw_k8,5560,210,-0.44759806336661545,0.957909214583902,fresh_blocksize_sensitivity
1.5,chloride,spatial_block,-60_23,xgboost,5560,210,0.07895715465867703,0.7640825314521174,fresh_blocksize_sensitivity
1.5,chloride,spatial_block,-60_22,idw_k8,5641,129,-0.07910736553036246,0.9219955060775394,fresh_blocksize_sensitivity
1.5,chloride,spatial_block,-60_22,xgboost,5641,129,0.20404123040218036,0.79184788637872,fresh_blocksize_sensitivity
1.5,chloride,spatial_block,-61_24,idw_k8,5643,127,-0.011876187087988876,0.7930553900750072,fresh_blocksize_sensitivity
1.5,chloride,spatial_block,-61_24,xgboost,5643,127,-0.2949671424914304,0.8971585656904247,fresh_blocksize_sensitivity
2.0,specific_conductance,random_kfold,random_0,idw_k8,3824,547,0.6771614515610258,0.5332077515466046,fresh_blocksize_sensitivity
2.0,specific_conductance,random_kfold,random_0,xgboost,3824,547,0.7558252096495778,0.46371823389550065,fresh_blocksize_sensitivity
2.0,specific_conductance,random_kfold,random_1,idw_k8,3824,547,0.6158191798821457,0.5258002185854208,fresh_blocksize_sensitivity
2.0,specific_conductance,random_kfold,random_1,xgboost,3824,547,0.735948477165536,0.4359104304313307,fresh_blocksize_sensitivity
2.0,specific_conductance,random_kfold,random_2,idw_k8,3824,547,0.7102159332048235,0.46156613485487813,fresh_blocksize_sensitivity
2.0,specific_conductance,random_kfold,random_2,xgboost,3824,547,0.7481601658365276,0.4302876665469666,fresh_blocksize_sensitivity
2.0,specific_conductance,random_kfold,random_3,idw_k8,3825,546,0.7011395529964384,0.5084592547196672,fresh_blocksize_sensitivity
2.0,specific_conductance,random_kfold,random_3,xgboost,3825,546,0.7699119077446264,0.44613778558393485,fresh_blocksize_sensitivity
2.0,specific_conductance,random_kfold,random_4,idw_k8,3825,546,0.6745928123505773,0.4927131443723885,fresh_blocksize_sensitivity
2.0,specific_conductance,random_kfold,random_4,xgboost,3825,546,0.7532730309454444,0.4290312131633561,fresh_blocksize_sensitivity
2.0,specific_conductance,random_kfold,random_5,idw_k8,3825,546,0.6855387216668094,0.5019516505130375,fresh_blocksize_sensitivity
2.0,specific_conductance,random_kfold,random_5,xgboost,3825,546,0.7532259339055151,0.4446599935386212,fresh_blocksize_sensitivity
2.0,specific_conductance,random_kfold,random_6,idw_k8,3825,546,0.6738353451105739,0.48071734010199674,fresh_blocksize_sensitivity
2.0,specific_conductance,random_kfold,random_6,xgboost,3825,546,0.7324899449851849,0.43535285316833233,fresh_blocksize_sensitivity
2.0,specific_conductance,random_kfold,random_7,idw_k8,3825,546,0.6949216122360872,0.47995815880165194,fresh_blocksize_sensitivity
2.0,specific_conductance,random_kfold,random_7,xgboost,3825,546,0.7813575134929394,0.4063169465994914,fresh_blocksize_sensitivity
2.0,specific_conductance,spatial_block,-46_17,idw_k8,2856,1515,-1.1387463001094553,0.8684958184182628,fresh_blocksize_sensitivity
2.0,specific_conductance,spatial_block,-46_17,xgboost,2856,1515,-0.23887764317021642,0.6610012853743253,fresh_blocksize_sensitivity
2.0,specific_conductance,spatial_block,-46_16,idw_k8,3002,1369,-0.708982910613251,0.8452858194228777,fresh_blocksize_sensitivity
2.0,specific_conductance,spatial_block,-46_16,xgboost,3002,1369,0.1367638341419759,0.600757964147042,fresh_blocksize_sensitivity
2.0,specific_conductance,spatial_block,-47_16,idw_k8,3743,628,-0.43453987595421584,1.1225247645584178,fresh_blocksize_sensitivity
2.0,specific_conductance,spatial_block,-47_16,xgboost,3743,628,0.43458016904068364,0.7047338574303296,fresh_blocksize_sensitivity
2.0,specific_conductance,spatial_block,-45_17,idw_k8,4139,232,-0.08118484733254783,0.7460003720275188,fresh_blocksize_sensitivity
2.0,specific_conductance,spatial_block,-45_17,xgboost,4139,232,0.19016806417394472,0.6456341866401201,fresh_blocksize_sensitivity
2.0,specific_conductance,spatial_block,-45_18,idw_k8,4147,224,0.4944769809730666,0.6609170589909585,fresh_blocksize_sensitivity
2.0,specific_conductance,spatial_block,-45_18,xgboost,4147,224,0.5292945757396719,0.6377509219789432,fresh_blocksize_sensitivity
2.0,specific_conductance,spatial_block,-46_18,idw_k8,4227,144,-0.24106425004657162,0.5477188311356886,fresh_blocksize_sensitivity
2.0,specific_conductance,spatial_block,-46_18,xgboost,4227,144,-0.10494571964027366,0.5168101230379408,fresh_blocksize_sensitivity
2.0,specific_conductance,spatial_block,-45_16,idw_k8,4244,127,-0.5413989838078088,0.8587532815241542,fresh_blocksize_sensitivity
2.0,specific_conductance,spatial_block,-45_16,xgboost,4244,127,0.22474010934097688,0.609024176575588,fresh_blocksize_sensitivity
2.0,specific_conductance,spatial_block,-47_17,idw_k8,4287,84,-0.00915751198434589,0.9226830390738759,fresh_blocksize_sensitivity
2.0,specific_conductance,spatial_block,-47_17,xgboost,4287,84,0.6066651070903324,0.5760421942282817,fresh_blocksize_sensitivity
2.0,chloride,random_kfold,random_0,idw_k8,5048,722,0.6767991518691121,0.9642189999946622,fresh_blocksize_sensitivity
2.0,chloride,random_kfold,random_0,xgboost,5048,722,0.7330003700764838,0.8763846633733822,fresh_blocksize_sensitivity
2.0,chloride,random_kfold,random_1,idw_k8,5048,722,0.6954578458754272,0.8644539010321616,fresh_blocksize_sensitivity
2.0,chloride,random_kfold,random_1,xgboost,5048,722,0.7562054890421088,0.7734461686042482,fresh_blocksize_sensitivity
2.0,chloride,random_kfold,random_2,idw_k8,5049,721,0.6099643367868711,1.0057769602310451,fresh_blocksize_sensitivity
2.0,chloride,random_kfold,random_2,xgboost,5049,721,0.7105483596857776,0.8664380792004663,fresh_blocksize_sensitivity
2.0,chloride,random_kfold,random_3,idw_k8,5049,721,0.7105415982015229,0.8573051422558552,fresh_blocksize_sensitivity
2.0,chloride,random_kfold,random_3,xgboost,5049,721,0.7735271154544796,0.758316410612241,fresh_blocksize_sensitivity
2.0,chloride,random_kfold,random_4,idw_k8,5049,721,0.7123210601279404,0.8777462426370928,fresh_blocksize_sensitivity
2.0,chloride,random_kfold,random_4,xgboost,5049,721,0.7811712274885632,0.765538710658679,fresh_blocksize_sensitivity
2.0,chloride,random_kfold,random_5,idw_k8,5049,721,0.6729327751818144,0.9552054163804534,fresh_blocksize_sensitivity
2.0,chloride,random_kfold,random_5,xgboost,5049,721,0.7201524966104553,0.8835659717979241,fresh_blocksize_sensitivity
2.0,chloride,random_kfold,random_6,idw_k8,5049,721,0.6604425005782462,0.9287285253336878,fresh_blocksize_sensitivity
2.0,chloride,random_kfold,random_6,xgboost,5049,721,0.7303034429460484,0.8276940298502096,fresh_blocksize_sensitivity
2.0,chloride,random_kfold,random_7,idw_k8,5049,721,0.6292649622913118,0.9651142707811502,fresh_blocksize_sensitivity
2.0,chloride,random_kfold,random_7,xgboost,5049,721,0.732509770803565,0.8197867271636383,fresh_blocksize_sensitivity
2.0,chloride,spatial_block,-46_16,idw_k8,4002,1768,0.23680220619166537,1.615273021379154,fresh_blocksize_sensitivity
2.0,chloride,spatial_block,-46_16,xgboost,4002,1768,0.30012545301753735,1.5468118340012837,fresh_blocksize_sensitivity
2.0,chloride,spatial_block,-46_17,idw_k8,4370,1400,0.03258863743194629,1.4037676445210714,fresh_blocksize_sensitivity
2.0,chloride,spatial_block,-46_17,xgboost,4370,1400,0.15935159776040309,1.308569615907592,fresh_blocksize_sensitivity
2.0,chloride,spatial_block,-47_16,idw_k8,4425,1345,-0.6053978081676048,1.8046558965650024,fresh_blocksize_sensitivity
2.0,chloride,spatial_block,-47_16,xgboost,4425,1345,0.37981886343482596,1.121662881626522,fresh_blocksize_sensitivity
2.0,chloride,spatial_block,-45_18,idw_k8,5392,378,-0.2901654818008197,1.111481748715582,fresh_blocksize_sensitivity
2.0,chloride,spatial_block,-45_18,xgboost,5392,378,0.05676678052499584,0.9503622354099623,fresh_blocksize_sensitivity
2.0,chloride,spatial_block,-45_16,idw_k8,5442,328,-0.08886624050449332,0.8554797352650821,fresh_blocksize_sensitivity
2.0,chloride,spatial_block,-45_16,xgboost,5442,328,-0.5594692751872614,1.0237899716462704,fresh_blocksize_sensitivity
2.0,chloride,spatial_block,-45_17,idw_k8,5503,267,-0.3007035530414581,0.9122338897446766,fresh_blocksize_sensitivity
2.0,chloride,spatial_block,-45_17,xgboost,5503,267,0.044956608049793845,0.7816792634879441,fresh_blocksize_sensitivity
2.0,chloride,spatial_block,-46_18,idw_k8,5643,127,-0.011876187087988876,0.7930553900750072,fresh_blocksize_sensitivity
2.0,chloride,spatial_block,-46_18,xgboost,5643,127,-0.2949671424914304,0.8971585656904247,fresh_blocksize_sensitivity
2.0,chloride,spatial_block,-47_17,idw_k8,5685,85,-0.2605566874006473,1.2431946457445364,fresh_blocksize_sensitivity
2.0,chloride,spatial_block,-47_17,xgboost,5685,85,0.31063394014312395,0.9193542529311881,fresh_blocksize_sensitivity
